bowler,phase,balls_bowled,runs_conceded,wickets,economy
A Ashish Reddy,Death,105,163,11,9.31
A Ashish Reddy,Middle,159,203,7,7.66
A Ashish Reddy,Powerplay,6,20,0,20.0
A Badoni,Death,16,19,2,7.12
A Badoni,Middle,24,44,2,11.0
A Badoni,Powerplay,1,0,0,0.0
A Chandila,Death,6,6,0,6.0
A Chandila,Middle,84,99,1,7.07
A Chandila,Powerplay,144,137,10,5.71
A Choudhary,Death,27,37,1,8.22
A Choudhary,Middle,44,55,1,7.5
A Choudhary,Powerplay,37,45,3,7.3
A Dananjaya,Middle,19,34,0,10.74
A Dananjaya,Powerplay,6,12,0,12.0
A Flintoff,Death,24,58,1,14.5
A Flintoff,Middle,30,26,1,5.2
A Flintoff,Powerplay,12,21,0,10.5
A Kamboj,Death,140,229,14,9.81
A Kamboj,Middle,84,124,4,8.86
A Kamboj,Powerplay,289,441,13,9.16
A Kumble,Death,174,205,17,7.07
A Kumble,Middle,700,739,25,6.33
A Kumble,Powerplay,109,83,3,4.57
A Mishra,Death,543,799,42,8.83
A Mishra,Middle,2758,3099,126,6.74
A Mishra,Powerplay,143,167,6,7.01
A Mithun,Death,85,147,4,10.38
A Mithun,Middle,156,203,2,7.81
A Mithun,Powerplay,71,98,1,8.28
A Nehra,Death,546,758,54,8.33
A Nehra,Middle,297,342,12,6.91
A Nehra,Powerplay,1131,1322,40,7.01
A Nel,Death,6,8,0,8.0
A Nel,Middle,6,11,0,11.0
A Nel,Powerplay,6,12,1,12.0
A Nortje,Death,463,717,27,9.29
A Nortje,Middle,247,327,12,7.94
A Nortje,Powerplay,459,587,22,7.67
A Singh,Death,162,267,16,9.89
A Singh,Middle,48,57,1,7.12
A Singh,Powerplay,276,279,11,6.07
A Symonds,Death,85,143,5,10.09
A Symonds,Middle,337,412,11,7.34
A Symonds,Powerplay,118,101,4,5.14
A Uniyal,Death,19,25,1,7.89
A Uniyal,Middle,6,18,0,18.0
A Uniyal,Powerplay,13,21,1,9.69
A Zampa,Death,90,165,13,11.0
A Zampa,Middle,342,432,16,7.58
A Zampa,Powerplay,43,42,2,5.86
AA Chavan,Death,14,32,3,13.71
AA Chavan,Middle,92,136,2,8.87
AA Chavan,Powerplay,149,150,3,6.04
AA Jhunjhunwala,Death,1,2,0,12.0
AA Jhunjhunwala,Middle,55,79,1,8.62
AA Jhunjhunwala,Powerplay,32,45,0,8.44
AA Kazi,Middle,13,20,0,9.23
AA Noffke,Death,12,11,1,5.5
AA Noffke,Middle,6,7,0,7.0
AA Noffke,Powerplay,7,17,0,14.57
AB Agarkar,Death,191,297,7,9.33
AB Agarkar,Middle,435,545,16,7.52
AB Agarkar,Powerplay,194,270,6,8.35
AB Dinda,Death,428,745,26,10.44
AB Dinda,Middle,306,305,10,5.98
AB Dinda,Powerplay,855,937,33,6.58
AB McDonald,Death,30,51,3,10.2
AB McDonald,Middle,115,145,5,7.57
AB McDonald,Powerplay,43,63,3,8.79
AC Gilchrist,Death,1,0,1,0.0
AC Thomas,Death,118,186,4,9.46
AC Thomas,Middle,24,22,3,5.5
AC Thomas,Powerplay,185,186,7,6.03
AC Voges,Death,6,5,0,5.0
AC Voges,Middle,37,44,0,7.14
AC Voges,Powerplay,13,25,0,11.54
AD Mascarenhas,Death,27,41,2,9.11
AD Mascarenhas,Middle,115,108,5,5.63
AD Mascarenhas,Powerplay,168,204,12,7.29
AD Mathews,Death,155,223,9,8.63
AD Mathews,Middle,523,651,12,7.47
AD Mathews,Powerplay,129,180,6,8.37
AD Russell,Death,611,1024,51,10.06
AD Russell,Middle,847,1204,49,8.53
AD Russell,Powerplay,427,545,23,7.66
AF Milne,Death,67,105,4,9.4
AF Milne,Middle,58,81,1,8.38
AF Milne,Powerplay,113,166,2,8.81
AG Murtaza,Death,25,45,0,10.8
AG Murtaza,Middle,165,208,7,7.56
AG Murtaza,Powerplay,79,51,2,3.87
AJ Finch,Death,7,6,0,5.14
AJ Finch,Middle,31,57,1,11.03
AJ Finch,Powerplay,6,3,0,3.0
AJ Hosein,Death,11,13,1,7.09
AJ Hosein,Middle,78,101,5,7.77
AJ Hosein,Powerplay,86,121,3,8.44
AJ Tye,Death,305,434,24,8.54
AJ Tye,Middle,211,268,7,7.62
AJ Tye,Powerplay,198,247,11,7.48
AK Markram,Death,15,28,0,11.2
AK Markram,Middle,171,265,5,9.3
AK Markram,Powerplay,44,57,1,7.77
AL Menaria,Death,21,47,0,13.43
AL Menaria,Middle,42,41,2,5.86
AL Menaria,Powerplay,50,52,1,6.24
AM Ghazanfar,Death,36,73,4,12.17
AM Ghazanfar,Middle,140,203,4,8.7
AM Ghazanfar,Powerplay,61,107,7,10.52
AM Nayar,Death,6,9,1,9.0
AM Nayar,Middle,227,292,8,7.72
AM Nayar,Powerplay,6,10,0,10.0
AM Rahane,Middle,6,5,1,5.0
AM Salvi,Death,31,45,2,8.71
AM Salvi,Middle,58,69,4,7.14
AM Salvi,Powerplay,67,76,1,6.81
AN Ahmed,Death,102,162,6,9.53
AN Ahmed,Middle,117,142,3,7.28
AN Ahmed,Powerplay,143,163,3,6.84
AP Dole,Death,13,21,1,9.69
AP Dole,Middle,25,27,2,6.48
AP Dole,Powerplay,35,57,2,9.77
AR Patel,Death,391,535,22,8.21
AR Patel,Middle,2544,2940,96,6.93
AR Patel,Powerplay,704,894,21,7.62
AS Joseph,Death,138,192,12,8.35
AS Joseph,Middle,203,302,7,8.93
AS Joseph,Powerplay,113,175,2,9.29
AS Rajpoot,Death,110,192,9,10.47
AS Rajpoot,Middle,171,196,6,6.88
AS Rajpoot,Powerplay,286,384,9,8.06
AS Raut,Death,12,13,0,6.5
AS Raut,Middle,18,31,0,10.33
AS Roy,Death,39,51,3,7.85
AS Roy,Middle,195,219,10,6.74
AS Roy,Powerplay,117,180,2,9.23
AU Rashid,Death,6,10,0,10.0
AU Rashid,Middle,54,81,2,9.0
AUK Pathan,Death,15,28,0,11.2
AUK Pathan,Middle,26,29,0,6.69
Abdul Samad,Death,10,27,0,16.2
Abdul Samad,Middle,48,93,2,11.62
Abdur Razzak,Middle,14,23,0,9.86
Abhinandan Singh,Death,10,16,2,9.6
Abhinandan Singh,Middle,26,35,1,8.08
Abhinandan Singh,Powerplay,24,69,0,17.25
Abhishek Sharma,Death,24,59,1,14.75
Abhishek Sharma,Middle,264,355,10,8.07
Abhishek Sharma,Powerplay,86,126,0,8.79
Akash Deep,Death,51,110,2,12.94
Akash Deep,Middle,117,209,3,10.72
Akash Deep,Powerplay,134,201,5,9.0
Akash Madhwal,Death,155,236,9,9.14
Akash Madhwal,Middle,142,222,9,9.38
Akash Madhwal,Powerplay,79,104,5,7.9
Akash Singh,Death,12,27,1,13.5
Akash Singh,Middle,70,113,4,9.69
Akash Singh,Powerplay,174,253,8,8.72
Aman Hakim Khan,Middle,6,13,0,13.0
Anand Rajan,Death,44,76,5,10.36
Anand Rajan,Middle,72,69,3,5.75
Anand Rajan,Powerplay,46,43,0,5.61
Ankit Sharma,Death,26,46,0,10.62
Ankit Sharma,Middle,203,240,6,7.09
Ankit Sharma,Powerplay,146,150,6,6.16
Ankit Soni,Death,1,4,0,24.0
Ankit Soni,Middle,105,134,2,7.66
Ankit Soni,Powerplay,6,3,0,3.0
Anureet Singh,Death,137,233,9,10.2
Anureet Singh,Middle,127,181,2,8.55
Anureet Singh,Powerplay,166,187,7,6.76
Arjun Tendulkar,Death,20,37,1,11.1
Arjun Tendulkar,Middle,27,54,2,12.0
Arjun Tendulkar,Powerplay,60,49,1,4.9
Arshad Khan,Death,105,192,6,10.97
Arshad Khan,Middle,89,137,5,9.24
Arshad Khan,Powerplay,206,301,7,8.77
Arshad Khan (2),Middle,13,22,0,10.15
Arshdeep Singh,Death,723,1063,53,8.82
Arshdeep Singh,Middle,381,523,15,8.24
Arshdeep Singh,Powerplay,1063,1377,43,7.77
Ashok Sharma,Death,53,87,5,9.85
Ashok Sharma,Middle,58,71,1,7.34
Ashok Sharma,Powerplay,25,59,0,14.16
Ashwani Kumar,Death,51,104,5,12.24
Ashwani Kumar,Middle,108,151,8,8.39
Ashwani Kumar,Powerplay,37,66,4,10.7
Atharva Taide,Death,1,4,0,24.0
Auqib Nabi,Middle,6,10,0,10.0
Auqib Nabi,Powerplay,78,133,0,10.23
Avesh Khan,Death,689,1011,44,8.8
Avesh Khan,Middle,530,695,27,7.87
Avesh Khan,Powerplay,621,945,22,9.13
Azhar Mahmood,Death,214,327,17,9.17
Azhar Mahmood,Middle,190,200,6,6.32
Azhar Mahmood,Powerplay,148,154,6,6.24
Azmatullah Omarzai,Death,66,116,4,10.55
Azmatullah Omarzai,Middle,103,131,7,7.63
Azmatullah Omarzai,Powerplay,200,304,4,9.12
B Akhil,Death,51,90,2,10.59
B Akhil,Middle,136,133,4,5.87
B Akhil,Powerplay,6,12,0,12.0
B Chipli,Middle,6,20,0,20.0
B Geeves,Death,6,10,0,10.0
B Geeves,Middle,18,31,1,10.33
B Geeves,Powerplay,25,49,0,11.76
B Kumar,Death,1683,2408,118,8.58
B Kumar,Middle,463,633,11,8.2
B Kumar,Powerplay,2623,2667,97,6.1
B Laughlin,Death,78,133,5,10.23
B Laughlin,Middle,64,79,2,7.41
B Laughlin,Powerplay,37,59,3,9.57
B Lee,Death,328,431,10,7.88
B Lee,Middle,82,71,4,5.2
B Lee,Powerplay,506,540,11,6.4
B Muzarabani,Death,13,24,2,11.08
B Muzarabani,Middle,13,9,2,4.15
B Muzarabani,Powerplay,18,40,0,13.33
B Stanlake,Death,6,11,0,11.0
B Stanlake,Middle,55,77,5,8.4
B Stanlake,Powerplay,89,106,2,7.15
BA Bhatt,Death,65,95,2,8.77
BA Bhatt,Middle,141,179,6,7.62
BA Bhatt,Powerplay,97,115,4,7.11
BA Stokes,Death,218,313,14,8.61
BA Stokes,Middle,314,363,6,6.94
BA Stokes,Powerplay,191,280,8,8.8
BAW Mendis,Death,54,78,2,8.67
BAW Mendis,Middle,135,151,4,6.71
BAW Mendis,Powerplay,59,66,2,6.71
BB Sran,Death,96,131,7,8.19
BB Sran,Middle,178,257,6,8.66
BB Sran,Powerplay,242,330,5,8.18
BCJ Cutting,Death,78,144,2,11.08
BCJ Cutting,Middle,166,212,8,7.66
BCJ Cutting,Powerplay,44,66,0,9.0
BE Hendricks,Death,56,76,6,8.14
BE Hendricks,Middle,37,48,2,7.78
BE Hendricks,Powerplay,64,100,1,9.38
BJ Dwarshuis,Death,6,17,1,17.0
BJ Dwarshuis,Middle,20,29,0,8.7
BJ Hodge,Death,18,23,3,7.67
BJ Hodge,Middle,183,221,14,7.25
BJ Hodge,Powerplay,37,50,0,8.11
BJ Rohrer,Middle,7,11,0,9.43
BMAJ Mendis,Middle,30,36,1,7.2
BW Hilfenhaus,Death,101,176,7,10.46
BW Hilfenhaus,Middle,37,53,3,8.59
BW Hilfenhaus,Powerplay,252,232,12,5.52
Basil Thampi,Death,180,322,13,10.73
Basil Thampi,Middle,192,258,7,8.06
Basil Thampi,Powerplay,167,248,2,8.91
Bipul Sharma,Death,36,82,1,13.67
Bipul Sharma,Middle,325,400,11,7.38
Bipul Sharma,Powerplay,75,75,5,6.0
Brijesh Sharma,Death,103,153,8,8.91
Brijesh Sharma,Middle,115,148,5,7.72
Brijesh Sharma,Powerplay,79,124,1,9.42
C Bosch,Death,52,80,5,9.23
C Bosch,Middle,101,132,6,7.84
C Bosch,Powerplay,18,30,2,10.0
C Ganapathy,Middle,6,13,0,13.0
C Green,Death,113,211,5,11.2
C Green,Middle,321,409,13,7.64
C Green,Powerplay,169,238,5,8.45
C Munro,Middle,12,15,0,7.5
C Nanda,Death,7,7,0,6.0
C Nanda,Middle,43,48,2,6.7
C Sakariya,Death,145,215,8,8.9
C Sakariya,Middle,128,171,6,8.02
C Sakariya,Powerplay,206,215,6,6.26
C de Grandhomme,Death,14,29,0,12.43
C de Grandhomme,Middle,202,261,6,7.75
C de Grandhomme,Powerplay,14,11,0,4.71
CH Gayle,Death,161,210,9,7.83
CH Gayle,Middle,295,325,6,6.61
CH Gayle,Powerplay,128,145,3,6.8
CH Morris,Death,672,906,58,8.09
CH Morris,Middle,412,493,16,7.18
CH Morris,Powerplay,717,821,22,6.87
CJ Anderson,Death,99,186,5,11.27
CJ Anderson,Middle,142,195,4,8.24
CJ Anderson,Powerplay,74,116,2,9.41
CJ Dala,Middle,12,17,0,8.5
CJ Dala,Powerplay,7,16,0,13.71
CJ Green,Death,5,8,0,9.6
CJ Green,Powerplay,12,16,0,8.0
CJ Jordan,Death,296,506,15,10.26
CJ Jordan,Middle,262,301,12,6.89
CJ Jordan,Powerplay,159,226,3,8.53
CJ McKay,Death,12,20,0,10.0
CJ McKay,Middle,18,14,1,4.67
CJ McKay,Powerplay,12,26,0,13.0
CK Kapugedera,Death,6,15,0,15.0
CK Kapugedera,Middle,11,34,0,18.55
CK Langeveldt,Death,49,61,4,7.47
CK Langeveldt,Middle,26,27,3,6.23
CK Langeveldt,Powerplay,90,90,6,6.0
CL White,Middle,46,81,1,10.57
CR Brathwaite,Death,57,93,6,9.79
CR Brathwaite,Middle,185,240,7,7.78
CR Brathwaite,Powerplay,24,30,0,7.5
CR Woakes,Death,169,272,16,9.66
CR Woakes,Middle,125,128,8,6.14
CR Woakes,Powerplay,169,235,6,8.34
CRD Fernando,Death,90,122,5,8.13
CRD Fernando,Middle,77,74,5,5.77
CRD Fernando,Powerplay,82,83,7,6.07
CV Varun,Death,336,467,19,8.34
CV Varun,Middle,1456,1729,77,7.12
CV Varun,Powerplay,395,491,15,7.46
D Brevis,Death,3,8,1,16.0
D Ferreira,Death,6,16,0,16.0
D Ferreira,Middle,12,25,1,12.5
D Jansen,Death,15,21,1,8.4
D Jansen,Middle,6,13,0,13.0
D Jansen,Powerplay,7,15,0,12.86
D Kalyankrishna,Death,6,17,0,17.0
D Kalyankrishna,Middle,44,68,2,9.27
D Madushanka,Middle,15,17,0,6.8
D Madushanka,Powerplay,13,15,1,6.92
D Pretorius,Death,81,137,2,10.15
D Pretorius,Middle,85,85,4,6.0
D Salunkhe,Death,6,7,0,7.0
D Salunkhe,Middle,45,63,1,8.4
D Wiese,Death,65,102,7,9.42
D Wiese,Middle,167,245,3,8.8
D Wiese,Powerplay,75,81,6,6.48
D du Preez,Death,7,15,0,12.86
D du Preez,Middle,18,28,1,9.33
D du Preez,Powerplay,18,12,3,4.0
DA Payne,Middle,19,26,2,8.21
DA Payne,Powerplay,12,43,0,21.5
DA Warner,Middle,2,1,0,3.0
DAJ Bracewell,Death,6,10,2,10.0
DAJ Bracewell,Middle,13,14,1,6.46
DAJ Bracewell,Powerplay,6,7,0,7.0
DB Ravi Teja,Middle,18,28,1,9.33
DE Bollinger,Death,242,284,23,7.04
DE Bollinger,Middle,19,14,3,4.42
DE Bollinger,Powerplay,339,365,11,6.46
DG Nalkande,Death,20,28,1,8.4
DG Nalkande,Middle,56,94,5,10.07
DG Nalkande,Powerplay,13,21,0,9.69
DJ Bravo,Death,1463,2080,115,8.53
DJ Bravo,Middle,1590,1814,58,6.85
DJ Bravo,Powerplay,243,284,10,7.01
DJ Harris,Death,6,10,0,10.0
DJ Harris,Middle,12,16,0,8.0
DJ Hooda,Death,43,95,1,13.26
DJ Hooda,Middle,274,343,7,7.51
DJ Hooda,Powerplay,74,94,2,7.62
DJ Hussey,Death,56,110,2,11.79
DJ Hussey,Middle,230,301,6,7.85
DJ Hussey,Powerplay,37,56,0,9.08
DJ Mitchell,Middle,51,94,1,11.06
DJ Muthuswami,Death,6,1,1,1.0
DJ Muthuswami,Middle,6,8,0,8.0
DJ Muthuswami,Powerplay,72,92,3,7.67
DJ Thornely,Middle,44,38,3,5.18
DJ Willey,Death,40,59,1,8.85
DJ Willey,Middle,42,57,2,8.14
DJ Willey,Powerplay,139,151,3,6.52
DJG Sammy,Death,54,105,1,11.67
DJG Sammy,Middle,165,203,9,7.38
DJG Sammy,Powerplay,25,33,1,7.92
DJM Short,Middle,18,19,1,6.33
DL Chahar,Death,218,329,16,9.06
DL Chahar,Middle,277,344,8,7.45
DL Chahar,Powerplay,1676,2081,72,7.45
DL Vettori,Death,166,220,7,7.95
DL Vettori,Middle,528,555,19,6.31
DL Vettori,Powerplay,91,96,2,6.33
DNT Zoysa,Death,20,31,1,9.3
DNT Zoysa,Middle,12,21,1,10.5
DNT Zoysa,Powerplay,37,44,0,7.14
DP Nannes,Death,218,294,13,8.09
DP Nannes,Middle,103,114,0,6.64
DP Nannes,Powerplay,368,326,15,5.32
DP Vijaykumar,Death,31,47,1,9.1
DP Vijaykumar,Middle,24,23,0,5.75
DP Vijaykumar,Powerplay,104,122,3,7.04
DR Sams,Death,70,147,1,12.6
DR Sams,Middle,127,145,5,6.85
DR Sams,Powerplay,192,197,8,6.16
DR Smith,Death,75,147,6,11.76
DR Smith,Middle,415,521,15,7.53
DR Smith,Powerplay,67,119,5,10.66
DS Kulkarni,Death,381,546,22,8.6
DS Kulkarni,Middle,451,582,20,7.74
DS Kulkarni,Powerplay,1044,1236,44,7.1
DS Rathi,Death,90,141,5,9.4
DS Rathi,Middle,328,462,10,8.45
DS Rathi,Powerplay,143,204,4,8.56
DT Christian,Death,219,355,12,9.73
DT Christian,Middle,509,558,18,6.58
DT Christian,Powerplay,194,239,8,7.39
DW Steyn,Death,662,846,50,7.67
DW Steyn,Middle,425,429,13,6.06
DW Steyn,Powerplay,1195,1131,34,5.68
E Malinga,Death,164,252,15,9.22
E Malinga,Middle,200,237,13,7.11
E Malinga,Powerplay,152,226,5,8.92
F du Plessis,Death,6,16,0,16.0
FA Allen,Middle,72,104,1,8.67
FA Allen,Powerplay,19,31,1,9.79
FH Edwards,Death,56,76,2,8.14
FH Edwards,Middle,12,14,0,7.0
FH Edwards,Powerplay,82,54,3,3.95
FY Fazal,Death,12,20,0,10.0
Fazalhaq Farooqi,Death,52,121,1,13.96
Fazalhaq Farooqi,Middle,76,114,2,9.0
Fazalhaq Farooqi,Powerplay,138,190,3,8.26
G Coetzee,Death,106,165,7,9.34
G Coetzee,Middle,113,172,5,9.13
G Coetzee,Powerplay,73,108,3,8.88
GB Hogg,Death,93,118,7,7.61
GB Hogg,Middle,324,383,12,7.09
GB Hogg,Powerplay,49,51,4,6.24
GC Viljoen,Death,45,88,2,11.73
GC Viljoen,Middle,64,68,3,6.38
GC Viljoen,Powerplay,37,54,2,8.76
GD McGrath,Death,79,117,3,8.89
GD McGrath,Middle,24,28,1,7.0
GD McGrath,Powerplay,226,207,8,5.5
GD Phillips,Middle,25,35,1,8.4
GD Phillips,Powerplay,6,4,1,4.0
GF Linde,Death,1,4,0,24.0
GF Linde,Middle,36,51,1,8.5
GH Vihari,Middle,19,13,0,4.11
GH Vihari,Powerplay,24,33,1,8.25
GHS Garton,Death,18,17,1,5.67
GHS Garton,Middle,13,10,1,4.62
GHS Garton,Powerplay,66,101,1,9.18
GJ Maxwell,Death,64,92,3,8.62
GJ Maxwell,Middle,715,927,27,7.78
GJ Maxwell,Powerplay,268,362,11,8.1
GR Napier,Middle,18,24,1,8.0
GR Napier,Powerplay,6,3,0,3.0
GS Sandhu,Death,24,50,1,12.5
GS Sandhu,Middle,18,25,0,8.33
GS Sandhu,Powerplay,6,7,0,7.0
Gagandeep Singh,Death,24,64,1,16.0
Gagandeep Singh,Middle,54,70,2,7.78
Gagandeep Singh,Powerplay,6,7,0,7.0
Gulbadin Naib,Middle,6,12,0,12.0
Gurjapneet Singh,Death,46,69,2,9.0
Gurjapneet Singh,Middle,101,138,2,8.2
Gurjapneet Singh,Powerplay,12,14,0,7.0
Gurkeerat Singh,Middle,70,74,5,6.34
Gurkeerat Singh,Powerplay,12,19,0,9.5
Gurnoor Brar,Middle,8,22,0,16.5
Gurnoor Brar,Powerplay,13,17,0,7.85
H Sharma,Middle,30,57,0,11.4
HF Gurney,Death,56,108,4,11.57
HF Gurney,Middle,43,61,1,8.51
HF Gurney,Powerplay,70,62,2,5.31
HH Pandya,Death,344,616,32,10.74
HH Pandya,Middle,1071,1358,37,7.61
HH Pandya,Powerplay,450,676,13,9.01
HR Shokeen,Death,6,24,1,24.0
HR Shokeen,Middle,152,211,2,8.33
HR Shokeen,Powerplay,55,66,2,7.2
HV Patel,Death,926,1356,81,8.79
HV Patel,Middle,1315,1614,56,7.36
HV Patel,Powerplay,413,582,14,8.46
Harbhajan Singh,Death,282,367,26,7.81
Harbhajan Singh,Middle,2426,2667,94,6.6
Harbhajan Singh,Powerplay,788,894,30,6.81
Harmeet Singh,Death,135,168,10,7.47
Harmeet Singh,Middle,324,383,10,7.09
Harmeet Singh,Powerplay,90,114,6,7.6
Harmeet Singh (2),Middle,12,11,1,5.5
Harmeet Singh (2),Powerplay,13,22,0,10.15
Harpreet Brar,Death,57,96,3,10.11
Harpreet Brar,Middle,659,776,31,7.07
Harpreet Brar,Powerplay,159,250,3,9.43
Harsh Dubey,Death,30,42,5,8.4
Harsh Dubey,Middle,114,183,7,9.63
Harsh Dubey,Powerplay,56,92,1,9.86
Harshit Rana,Death,166,245,14,8.86
Harshit Rana,Middle,205,300,10,8.78
Harshit Rana,Powerplay,308,454,16,8.84
I Malhotra,Middle,6,23,0,23.0
I Sharma,Death,499,809,22,9.73
I Sharma,Middle,456,616,17,8.11
I Sharma,Powerplay,1591,1793,57,6.76
I Udana,Death,63,89,3,8.48
I Udana,Middle,62,85,3,8.23
I Udana,Powerplay,57,100,2,10.53
IC Pandey,Death,38,63,2,9.95
IC Pandey,Middle,162,222,5,8.22
IC Pandey,Powerplay,269,299,11,6.67
IC Porel,Middle,13,13,1,6.0
IC Porel,Powerplay,13,24,0,11.08
IK Pathan,Death,505,732,28,8.7
IK Pathan,Middle,650,805,24,7.43
IK Pathan,Powerplay,958,1032,28,6.46
IS Sodhi,Death,7,8,0,6.86
IS Sodhi,Middle,163,176,7,6.48
IS Sodhi,Powerplay,12,17,2,8.5
Imran Tahir,Death,326,474,25,8.72
Imran Tahir,Middle,959,1107,54,6.93
Imran Tahir,Powerplay,55,83,3,9.05
Iqbal Abdulla,Death,124,167,6,8.08
Iqbal Abdulla,Middle,539,631,20,7.02
Iqbal Abdulla,Powerplay,280,285,14,6.11
Ishan Kishan,Death,1,4,0,24.0
J Botha,Death,108,134,8,7.44
J Botha,Middle,405,398,13,5.9
J Botha,Powerplay,196,249,4,7.62
J Little,Death,57,86,0,9.05
J Little,Middle,99,126,8,7.64
J Little,Powerplay,80,119,3,8.92
J Overton,Death,70,107,5,9.17
J Overton,Middle,112,141,9,7.55
J Overton,Powerplay,35,71,0,12.17
J Suchith,Death,12,27,1,13.5
J Suchith,Middle,347,458,15,7.92
J Suchith,Powerplay,75,100,3,8.0
J Syed Mohammad,Death,18,33,1,11.0
J Syed Mohammad,Middle,160,232,6,8.7
J Syed Mohammad,Powerplay,18,14,1,4.67
J Theron,Death,107,140,5,7.85
J Theron,Middle,59,52,3,5.29
J Theron,Powerplay,69,96,3,8.35
J Yadav,Death,19,21,1,6.63
J Yadav,Middle,214,214,4,6.0
J Yadav,Powerplay,165,202,3,7.35
JA Duffy,Death,16,31,0,11.62
JA Duffy,Middle,56,68,3,7.29
JA Duffy,Powerplay,84,152,6,10.86
JA Morkel,Death,338,489,31,8.68
JA Morkel,Middle,522,552,20,6.34
JA Morkel,Powerplay,947,1215,34,7.7
JA Richardson,Death,20,36,1,10.8
JA Richardson,Middle,43,68,2,9.49
JA Richardson,Powerplay,31,48,0,9.29
JC Archer,Death,584,887,32,9.11
JC Archer,Middle,285,307,15,6.46
JC Archer,Powerplay,789,867,37,6.59
JD Ryder,Death,26,55,1,12.69
JD Ryder,Middle,209,235,7,6.75
JD Ryder,Powerplay,6,7,0,7.0
JD Unadkat,Death,696,1178,56,10.16
JD Unadkat,Middle,853,1152,30,8.1
JD Unadkat,Powerplay,869,1100,28,7.59
JDP Oram,Death,76,99,5,7.82
JDP Oram,Middle,55,77,1,8.4
JDP Oram,Powerplay,113,166,3,8.81
JDS Neesham,Death,12,40,0,20.0
JDS Neesham,Middle,173,226,7,7.84
JDS Neesham,Powerplay,37,62,1,10.05
JE Root,Middle,12,14,0,7.0
JE Taylor,Death,53,85,6,9.62
JE Taylor,Middle,18,19,0,6.33
JE Taylor,Powerplay,51,48,0,5.65
JEC Franklin,Death,24,42,3,10.5
JEC Franklin,Middle,119,158,5,7.97
JEC Franklin,Powerplay,12,16,1,8.0
JH Kallis,Death,371,593,24,9.59
JH Kallis,Middle,893,1022,23,6.87
JH Kallis,Powerplay,535,607,18,6.81
JJ Bumrah,Death,1481,1883,102,7.63
JJ Bumrah,Middle,970,1001,45,6.19
JJ Bumrah,Powerplay,1341,1425,43,6.38
JJ van der Wath,Death,24,44,2,11.0
JJ van der Wath,Middle,19,43,1,13.58
JJ van der Wath,Powerplay,33,38,0,6.91
JL Pattinson,Death,40,59,4,8.85
JL Pattinson,Middle,75,108,3,8.64
JL Pattinson,Powerplay,107,144,4,8.07
JM Kemp,Death,1,1,0,6.0
JM Kemp,Middle,46,50,3,6.52
JO Holder,Death,357,509,33,8.55
JO Holder,Middle,552,666,28,7.24
JO Holder,Powerplay,376,512,9,8.17
JP Behrendorff,Death,64,118,5,11.06
JP Behrendorff,Middle,70,94,3,8.06
JP Behrendorff,Powerplay,245,323,11,7.91
JP Duminy,Death,57,84,3,8.84
JP Duminy,Middle,478,523,17,6.56
JP Duminy,Powerplay,166,195,3,7.05
JP Faulkner,Death,493,751,32,9.14
JP Faulkner,Middle,412,527,13,7.67
JP Faulkner,Powerplay,382,466,16,7.32
JPR Scantlebury-Searles,Death,7,19,1,16.29
JPR Scantlebury-Searles,Middle,31,55,1,10.65
JPR Scantlebury-Searles,Powerplay,7,12,0,10.29
JR Hazlewood,Death,347,538,27,9.3
JR Hazlewood,Middle,215,267,14,7.45
JR Hazlewood,Powerplay,652,847,31,7.79
JR Hopes,Death,113,207,6,10.99
JR Hopes,Middle,238,307,7,7.74
JR Hopes,Powerplay,18,25,1,8.33
JW Hastings,Death,10,9,1,5.4
JW Hastings,Middle,12,7,1,3.5
JW Hastings,Powerplay,39,47,1,7.23
Jalaj S Saxena,Middle,12,17,0,8.5
Jalaj S Saxena,Powerplay,6,10,0,10.0
Jaskaran Singh,Death,33,71,3,12.91
Jaskaran Singh,Middle,32,44,1,8.25
Jaskaran Singh,Powerplay,46,47,2,6.13
Joginder Sharma,Death,55,102,2,11.13
Joginder Sharma,Middle,189,256,10,8.13
Joginder Sharma,Powerplay,28,44,0,9.43
K Goel,Middle,67,92,0,8.24
K Gowtham,Death,24,50,0,12.5
K Gowtham,Middle,300,366,11,7.32
K Gowtham,Powerplay,275,381,10,8.31
K Kartikeya,Death,26,47,0,10.85
K Kartikeya,Middle,258,334,11,7.77
K Kartikeya,Powerplay,6,16,1,16.0
K Khejroliya,Death,34,64,3,11.29
K Khejroliya,Middle,99,139,3,8.42
K Khejroliya,Powerplay,30,62,0,12.4
K Rabada,Death,726,1068,69,8.83
K Rabada,Middle,546,650,28,7.14
K Rabada,Powerplay,1123,1539,54,8.22
K Santokie,Death,25,53,1,12.72
K Santokie,Middle,6,5,1,5.0
K Santokie,Powerplay,20,29,1,8.7
K Upadhyay,Middle,19,21,0,6.63
K Upadhyay,Powerplay,37,58,0,9.41
K Yadav,Death,12,28,2,14.0
K Yadav,Middle,24,30,0,7.5
K Yadav,Powerplay,18,26,0,8.67
KA Jamieson,Death,67,131,3,11.73
KA Jamieson,Middle,54,72,5,8.0
KA Jamieson,Powerplay,194,288,8,8.91
KA Maharaj,Middle,30,31,2,6.2
KA Maharaj,Powerplay,6,8,0,8.0
KA Pollard,Death,365,579,26,9.52
KA Pollard,Middle,1182,1443,42,7.32
KA Pollard,Powerplay,39,55,1,8.46
KAJ Roach,Death,19,43,0,13.58
KAJ Roach,Middle,14,14,0,6.0
KAJ Roach,Powerplay,19,19,0,6.0
KC Cariappa,Death,19,22,2,6.95
KC Cariappa,Middle,168,254,6,9.07
KC Cariappa,Powerplay,37,64,0,10.38
KH Pandya,Death,225,301,18,8.03
KH Pandya,Middle,1987,2290,72,6.91
KH Pandya,Powerplay,567,717,17,7.59
KJ Abbott,Death,25,52,0,12.48
KJ Abbott,Middle,33,48,2,8.73
KJ Abbott,Powerplay,44,70,0,9.55
KK Ahmed,Death,450,719,37,9.59
KK Ahmed,Middle,274,360,16,7.88
KK Ahmed,Powerplay,1017,1307,38,7.71
KK Cooper,Death,274,368,17,8.06
KK Cooper,Middle,226,257,12,6.82
KK Cooper,Powerplay,100,100,4,6.0
KL Nagarkoti,Death,31,57,1,11.03
KL Nagarkoti,Middle,123,179,4,8.73
KL Nagarkoti,Powerplay,31,44,0,8.52
KM Asif,Death,27,62,0,13.78
KM Asif,Middle,71,89,4,7.52
KM Asif,Powerplay,45,68,3,9.07
KMA Paul,Death,54,72,4,8.0
KMA Paul,Middle,119,129,5,6.5
KMA Paul,Powerplay,7,15,0,12.86
KMDN Kulasekara,Death,30,30,2,6.0
KMDN Kulasekara,Middle,6,8,0,8.0
KMDN Kulasekara,Powerplay,71,77,3,6.51
KP Appanna,Death,13,24,0,11.08
KP Appanna,Middle,189,229,9,7.27
KP Appanna,Powerplay,20,25,0,7.5
KP Pietersen,Death,24,39,2,9.75
KP Pietersen,Middle,136,152,4,6.71
KP Pietersen,Powerplay,20,14,1,4.2
KR Mayers,Middle,7,15,0,12.86
KR Mayers,Powerplay,39,40,0,6.15
KR Sen,Death,65,132,4,12.18
KR Sen,Middle,146,181,8,7.44
KR Sen,Powerplay,44,59,2,8.05
KS Williamson,Middle,12,24,0,12.0
KS Williamson,Powerplay,6,7,0,7.0
KT Maphaka,Death,14,32,0,13.71
KT Maphaka,Middle,14,29,0,12.43
KT Maphaka,Powerplay,43,77,2,10.74
KV Sharma,Death,125,213,10,10.22
KV Sharma,Middle,1326,1793,67,8.11
KV Sharma,Powerplay,160,183,6,6.86
KW Richardson,Death,115,197,9,10.28
KW Richardson,Middle,56,75,1,8.04
KW Richardson,Powerplay,174,186,9,6.41
Kamran Khan,Death,36,51,3,8.5
Kamran Khan,Middle,50,52,2,6.24
Kamran Khan,Powerplay,91,125,5,8.24
Karanveer Singh,Death,26,51,4,11.77
Karanveer Singh,Middle,175,235,8,8.06
Karanveer Singh,Powerplay,12,26,0,13.0
Karim Janat,Middle,6,30,0,30.0
Kartik Tyagi,Death,256,416,16,9.75
Kartik Tyagi,Middle,282,370,8,7.87
Kartik Tyagi,Powerplay,237,376,9,9.52
Krish Bhagat,Death,18,35,0,11.67
Krish Bhagat,Powerplay,18,28,0,9.33
Kuldeep Yadav,Death,387,521,30,8.08
Kuldeep Yadav,Middle,1885,2500,82,7.96
Kuldeep Yadav,Powerplay,64,78,0,7.31
L Ablish,Death,21,15,3,4.29
L Ablish,Middle,12,31,0,15.5
L Ablish,Powerplay,12,26,0,13.0
L Balaji,Death,523,831,33,9.53
L Balaji,Middle,580,625,28,6.47
L Balaji,Powerplay,471,496,15,6.32
L Ngidi,Death,265,362,22,8.2
L Ngidi,Middle,129,166,7,7.72
L Ngidi,Powerplay,251,316,13,7.55
L Wood,Death,14,43,0,18.43
L Wood,Middle,12,23,1,11.5
L Wood,Powerplay,12,25,0,12.5
LA Carseldine,Powerplay,7,5,1,4.29
LB Williams,Death,7,12,0,10.29
LB Williams,Middle,6,4,1,4.0
LB Williams,Powerplay,29,45,0,9.31
LE Plunkett,Death,49,68,2,8.33
LE Plunkett,Middle,61,84,1,8.26
LE Plunkett,Powerplay,44,69,1,9.41
LH Ferguson,Death,358,586,17,9.82
LH Ferguson,Middle,479,575,18,7.2
LH Ferguson,Powerplay,311,445,19,8.59
LI Meriwala,Middle,6,4,1,4.0
LI Meriwala,Powerplay,13,27,0,12.46
LJ Wright,Death,23,45,1,11.74
LJ Wright,Middle,46,63,1,8.22
LJ Wright,Powerplay,6,12,0,12.0
LMP Simmons,Death,12,24,1,12.0
LMP Simmons,Middle,6,10,0,10.0
LPC Silva,Death,6,21,0,21.0
LR Shukla,Death,82,114,9,8.34
LR Shukla,Middle,217,266,6,7.35
LR Shukla,Powerplay,27,49,0,10.89
LRPL Taylor,Middle,13,23,0,10.62
LS Livingstone,Death,26,26,1,6.0
LS Livingstone,Middle,277,417,11,9.03
LS Livingstone,Powerplay,18,17,1,5.67
Lalit Yadav,Death,28,42,1,9.0
Lalit Yadav,Middle,168,226,7,8.07
Lalit Yadav,Powerplay,98,151,2,9.24
M Ashwin,Death,131,184,7,8.43
M Ashwin,Middle,673,814,26,7.26
M Ashwin,Powerplay,94,133,2,8.49
M Jansen,Death,185,314,13,10.18
M Jansen,Middle,356,517,13,8.71
M Jansen,Powerplay,540,720,19,8.0
M Kartik,Death,155,205,6,7.94
M Kartik,Middle,843,935,18,6.65
M Kartik,Powerplay,184,201,7,6.55
M Manhas,Death,6,8,0,8.0
M Manhas,Middle,36,34,0,5.67
M Markande,Death,100,173,3,10.38
M Markande,Middle,668,953,34,8.56
M Morkel,Death,402,580,31,8.66
M Morkel,Middle,339,414,10,7.33
M Morkel,Powerplay,958,1011,36,6.33
M Muralitharan,Death,284,359,22,7.58
M Muralitharan,Middle,1143,1130,39,5.93
M Muralitharan,Powerplay,154,153,3,5.96
M Ntini,Death,37,50,2,8.11
M Ntini,Middle,18,22,0,7.33
M Ntini,Powerplay,158,166,5,6.3
M Pathirana,Death,444,559,33,7.55
M Pathirana,Middle,343,352,14,6.16
M Pathirana,Powerplay,10,7,0,4.2
M Prasidh Krishna,Death,607,944,42,9.33
M Prasidh Krishna,Middle,578,738,31,7.66
M Prasidh Krishna,Powerplay,652,813,18,7.48
M Shahrukh Khan,Death,6,7,0,7.0
M Shahrukh Khan,Middle,12,21,1,10.5
M Siddharth,Death,25,42,3,10.08
M Siddharth,Middle,91,143,4,9.43
M Siddharth,Powerplay,77,88,2,6.86
M Theekshana,Death,166,219,12,7.92
M Theekshana,Middle,416,518,14,7.47
M Theekshana,Powerplay,320,436,10,8.17
M Tiwari,Death,13,21,2,9.69
M Tiwari,Middle,62,71,2,6.87
M Vijay,Middle,30,41,0,8.2
M Vijay,Powerplay,7,7,0,6.0
M de Lange,Death,32,58,2,10.88
M de Lange,Middle,19,27,1,8.53
M de Lange,Powerplay,65,72,2,6.65
MA Khote,Death,12,23,1,11.5
MA Khote,Middle,18,28,1,9.33
MA Starc,Death,375,509,37,8.14
MA Starc,Middle,170,203,13,7.16
MA Starc,Powerplay,719,946,26,7.89
MA Wood,Death,59,107,7,10.88
MA Wood,Middle,42,32,2,4.57
MA Wood,Powerplay,26,33,2,7.62
MB Parmar,Middle,12,19,0,9.5
MB Parmar,Powerplay,7,13,0,11.14
MC Henriques,Death,103,152,5,8.85
MC Henriques,Middle,666,836,28,7.53
MC Henriques,Powerplay,210,268,9,7.66
MD Shanaka,Death,6,6,0,6.0
MD Shanaka,Middle,32,52,1,9.75
MF Maharoof,Death,105,150,10,8.57
MF Maharoof,Middle,160,144,9,5.4
MF Maharoof,Powerplay,176,200,8,6.82
MG Bracewell,Middle,54,82,3,9.11
MG Bracewell,Powerplay,12,13,3,6.5
MG Johnson,Death,318,459,29,8.66
MG Johnson,Middle,326,393,7,7.23
MG Johnson,Powerplay,657,781,26,7.13
MG Neser,Death,12,33,0,16.5
MG Neser,Middle,7,10,0,8.57
MG Neser,Powerplay,6,18,0,18.0
MJ Clarke,Death,6,9,0,9.0
MJ Clarke,Middle,60,58,2,5.8
MJ Henry,Death,26,55,2,12.69
MJ Henry,Middle,25,48,0,11.52
MJ Henry,Powerplay,115,204,2,10.64
MJ McClenaghan,Death,400,553,32,8.3
MJ McClenaghan,Middle,262,357,8,8.18
MJ McClenaghan,Powerplay,684,816,31,7.16
MJ Santner,Death,57,75,5,7.89
MJ Santner,Middle,488,546,22,6.71
MJ Santner,Powerplay,159,214,3,8.08
MJ Suthar,Death,19,33,1,10.42
MJ Suthar,Middle,19,33,1,10.42
MJ Suthar,Powerplay,12,26,0,13.0
MK Lomror,Middle,82,112,0,8.2
MK Lomror,Powerplay,12,11,1,5.5
MK Tiwary,Death,13,27,1,12.46
MK Tiwary,Middle,32,51,0,9.56
MM Ali,Death,57,72,2,7.58
MM Ali,Middle,716,854,34,7.16
MM Ali,Powerplay,96,88,5,5.5
MM Patel,Death,314,529,23,10.11
MM Patel,Middle,398,395,22,5.95
MM Patel,Powerplay,670,746,29,6.68
MM Sharma,Death,840,1347,63,9.62
MM Sharma,Middle,757,951,35,7.54
MM Sharma,Powerplay,874,1146,36,7.87
MN Samuels,Death,53,86,5,9.74
MN Samuels,Middle,86,113,2,7.88
MN Samuels,Powerplay,80,79,2,5.92
MP Stoinis,Death,183,379,15,12.43
MP Stoinis,Middle,624,881,22,8.47
MP Stoinis,Powerplay,168,241,9,8.61
MP Yadav,Death,39,54,3,8.31
MP Yadav,Middle,135,210,4,9.33
MP Yadav,Powerplay,56,90,2,9.64
MR Marsh,Death,129,213,12,9.91
MR Marsh,Middle,355,399,19,6.74
MR Marsh,Powerplay,109,150,6,8.26
MS Gony,Death,124,204,7,9.87
MS Gony,Middle,296,354,12,7.18
MS Gony,Powerplay,505,692,18,8.22
MW Short,Middle,13,12,0,5.54
MW Short,Powerplay,32,50,0,9.38
Mandeep Singh,Middle,12,26,0,13.0
Mashrafe Mortaza,Death,15,29,0,11.6
Mashrafe Mortaza,Powerplay,13,25,0,11.54
Mayank Dagar,Death,17,22,0,7.76
Mayank Dagar,Middle,109,147,2,8.09
Mayank Dagar,Powerplay,12,29,0,14.5
Mohammad Asif,Death,63,98,4,9.33
Mohammad Asif,Middle,42,50,1,7.14
Mohammad Asif,Powerplay,94,141,3,9.0
Mohammad Hafeez,Middle,63,61,2,5.81
Mohammad Nabi,Death,21,35,2,10.0
Mohammad Nabi,Middle,230,306,6,7.98
Mohammad Nabi,Powerplay,168,173,7,6.18
Mohammed Shami,Death,758,1278,68,10.12
Mohammed Shami,Middle,548,743,17,8.14
Mohammed Shami,Powerplay,1729,2029,60,7.04
Mohammed Siraj,Death,810,1215,47,9.0
Mohammed Siraj,Middle,496,578,21,6.99
Mohammed Siraj,Powerplay,1528,1924,60,7.55
Mohit Rathee,Middle,12,29,0,14.5
Mohsin Khan,Death,174,269,12,9.28
Mohsin Khan,Middle,176,214,11,7.3
Mohsin Khan,Powerplay,328,405,15,7.41
Monu Kumar,Death,8,11,0,8.25
Monu Kumar,Powerplay,8,5,0,3.75
Mujeeb Ur Rahman,Death,77,137,5,10.68
Mujeeb Ur Rahman,Middle,240,287,10,7.18
Mujeeb Ur Rahman,Powerplay,148,163,5,6.61
Mukesh Choudhary,Death,90,160,4,10.67
Mukesh Choudhary,Middle,77,101,4,7.87
Mukesh Choudhary,Powerplay,345,481,17,8.37
Mukesh Kumar,Death,304,567,19,11.19
Mukesh Kumar,Middle,191,268,12,8.42
Mukesh Kumar,Powerplay,384,565,11,8.83
Musheer Khan,Middle,12,27,1,13.5
Mustafizur Rahman,Death,606,842,35,8.34
Mustafizur Rahman,Middle,337,413,16,7.35
Mustafizur Rahman,Powerplay,476,535,14,6.74
N Burger,Death,69,77,6,6.7
N Burger,Middle,86,140,4,9.77
N Burger,Powerplay,228,328,11,8.63
N Rana,Death,24,26,2,6.5
N Rana,Middle,161,230,8,8.57
N Rana,Powerplay,38,62,0,9.79
N Thushara,Death,74,98,2,7.95
N Thushara,Middle,20,31,0,9.3
N Thushara,Powerplay,104,134,7,7.73
N Wadhera,Death,5,9,0,10.8
N Wadhera,Middle,12,13,0,6.5
NA Saini,Death,182,272,10,8.97
NA Saini,Middle,172,208,1,7.26
NA Saini,Powerplay,267,329,7,7.39
NB Singh,Powerplay,25,14,1,3.36
ND Doshi,Death,12,11,1,5.5
ND Doshi,Middle,27,35,0,7.78
ND Doshi,Powerplay,18,32,1,10.67
NJ Rimmington,Middle,6,6,0,6.0
NJ Rimmington,Powerplay,12,13,0,6.5
NL McCullum,Middle,18,22,0,7.33
NL McCullum,Powerplay,12,12,0,6.0
NLTC Perera,Death,238,427,17,10.76
NLTC Perera,Middle,295,353,8,7.18
NLTC Perera,Powerplay,182,218,6,7.19
NM Coulter-Nile,Death,259,380,22,8.8
NM Coulter-Nile,Middle,254,274,11,6.47
NM Coulter-Nile,Powerplay,379,409,15,6.47
NT Ellis,Death,142,241,9,10.18
NT Ellis,Middle,145,173,6,7.16
NT Ellis,Powerplay,103,119,4,6.93
Naman Dhir,Death,12,8,0,4.0
Naman Dhir,Middle,35,61,0,10.46
Naman Dhir,Powerplay,6,6,0,6.0
Navdeep Saini,Death,13,12,1,5.54
Navdeep Saini,Middle,51,88,3,10.35
Navdeep Saini,Powerplay,31,69,2,13.35
Naveen-ul-Haq,Death,174,241,12,8.31
Naveen-ul-Haq,Middle,88,99,8,6.75
Naveen-ul-Haq,Powerplay,145,231,5,9.56
Nithish Kumar Reddy,Death,51,87,4,10.24
Nithish Kumar Reddy,Middle,209,331,6,9.5
Nithish Kumar Reddy,Powerplay,89,135,3,9.1
Noor Ahmad,Death,161,194,13,7.23
Noor Ahmad,Middle,918,1156,46,7.56
Noor Ahmad,Powerplay,62,90,2,8.71
O Thomas,Death,14,16,2,6.86
O Thomas,Middle,12,8,1,4.0
O Thomas,Powerplay,37,52,2,8.43
OC McCoy,Death,71,91,8,7.69
OC McCoy,Middle,97,126,3,7.79
OC McCoy,Powerplay,12,14,0,7.0
OF Smith,Death,20,43,3,12.9
OF Smith,Middle,57,109,2,11.47
OF Smith,Powerplay,18,21,1,7.0
P Amarnath,Death,18,39,1,13.0
P Amarnath,Middle,108,185,6,10.28
P Amarnath,Powerplay,6,12,0,12.0
P Awana,Death,183,295,14,9.67
P Awana,Middle,315,354,12,6.74
P Awana,Powerplay,276,351,13,7.63
P Dubey,Death,6,11,0,11.0
P Dubey,Middle,73,99,2,8.14
P Kumar,Death,624,998,36,9.6
P Kumar,Middle,371,454,14,7.34
P Kumar,Powerplay,1642,1654,40,6.04
P Negi,Death,85,144,8,10.16
P Negi,Middle,606,714,24,7.07
P Negi,Powerplay,42,64,2,9.14
P Parameswaran,Death,41,60,5,8.78
P Parameswaran,Middle,81,95,2,7.04
P Parameswaran,Powerplay,37,64,2,10.38
P Prasanth,Middle,6,18,0,18.0
P Ray Barman,Death,6,20,0,20.0
P Ray Barman,Middle,18,36,0,12.0
P Sahu,Death,18,30,0,10.0
P Sahu,Middle,82,105,3,7.68
P Sahu,Powerplay,7,9,0,7.71
P Suyal,Death,27,39,0,8.67
P Suyal,Middle,15,15,1,6.0
P Suyal,Powerplay,65,86,1,7.94
PC Valthaty,Death,20,29,2,8.7
PC Valthaty,Middle,133,170,5,7.67
PD Collingwood,Death,23,21,3,5.48
PD Collingwood,Middle,67,79,2,7.07
PH Solanki,Death,12,15,1,7.5
PH Solanki,Middle,24,23,1,5.75
PHKD Mendis,Middle,42,60,2,8.57
PJ Cummins,Death,514,803,27,9.37
PJ Cummins,Middle,553,666,29,7.23
PJ Cummins,Powerplay,816,1111,31,8.17
PJ Sangwan,Death,139,216,6,9.32
PJ Sangwan,Middle,387,486,19,7.53
PJ Sangwan,Powerplay,379,480,13,7.6
PM Sarvesh Kumar,Middle,24,34,1,8.5
PM Sarvesh Kumar,Powerplay,7,7,0,6.0
PP Chawla,Death,452,632,39,8.39
PP Chawla,Middle,3000,3838,132,7.68
PP Chawla,Powerplay,443,557,21,7.54
PP Hinge,Death,58,91,5,9.41
PP Hinge,Middle,40,80,3,12.0
PP Hinge,Powerplay,70,122,6,10.46
PP Ojha,Death,297,434,20,8.77
PP Ojha,Middle,1405,1513,63,6.46
PP Ojha,Powerplay,243,314,6,7.75
PR Veer,Middle,6,7,0,7.0
PR Veer,Powerplay,6,18,0,18.0
PV Tambe,Death,79,142,5,10.78
PV Tambe,Middle,515,582,20,6.78
PV Tambe,Powerplay,80,110,3,8.25
PVD Chameera,Death,111,188,5,10.16
PVD Chameera,Middle,93,124,1,8.0
PVD Chameera,Powerplay,216,308,7,8.56
PVSN Raju,Death,16,24,1,9.0
PVSN Raju,Middle,6,12,0,12.0
PVSN Raju,Powerplay,7,12,0,10.29
PWA Mulder,Death,6,16,0,16.0
PWH de Silva,Death,122,163,12,8.02
PWH de Silva,Middle,626,845,30,8.1
PWH de Silva,Powerplay,60,99,4,9.9
Pankaj Singh,Death,51,107,1,12.59
Pankaj Singh,Middle,105,158,2,9.03
Pankaj Singh,Powerplay,155,188,8,7.28
Parvez Rasool,Middle,134,168,3,7.52
Parvez Rasool,Powerplay,66,100,1,9.09
Prince Yadav,Death,142,241,4,10.18
Prince Yadav,Middle,186,227,9,7.32
Prince Yadav,Powerplay,147,194,6,7.92
R Ashwin,Death,626,786,36,7.53
R Ashwin,Middle,2951,3239,101,6.59
R Ashwin,Powerplay,1291,1433,50,6.66
R Bhatia,Death,236,326,19,8.29
R Bhatia,Middle,1413,1635,52,6.94
R Bhatia,Powerplay,12,25,0,12.5
R Dhawan,Death,101,150,4,8.91
R Dhawan,Middle,432,501,16,6.96
R Dhawan,Powerplay,160,200,5,7.5
R Goyal,Middle,24,33,0,8.25
R McLaren,Death,88,142,5,9.68
R McLaren,Middle,126,174,3,8.29
R McLaren,Powerplay,158,204,4,7.75
R Ninan,Death,6,16,0,16.0
R Ninan,Middle,30,49,3,9.8
R Parag,Death,15,29,0,11.6
R Parag,Middle,307,453,8,8.85
R Parag,Powerplay,12,16,1,8.0
R Powell,Death,7,13,0,11.14
R Powell,Middle,14,19,1,8.14
R Rampaul,Death,55,98,4,10.69
R Rampaul,Middle,57,44,3,4.63
R Rampaul,Powerplay,166,157,9,5.67
R Ravindra,Middle,12,7,0,3.5
R Sai Kishore,Death,84,140,9,10.0
R Sai Kishore,Middle,375,512,23,8.19
R Sai Kishore,Powerplay,18,33,1,11.0
R Sanjay Yadav,Middle,8,13,0,9.75
R Sanjay Yadav,Powerplay,6,8,0,8.0
R Sathish,Death,27,76,0,16.89
R Sathish,Middle,117,151,3,7.74
R Sharma,Death,156,226,8,8.69
R Sharma,Middle,689,754,30,6.57
R Sharma,Powerplay,90,99,2,6.6
R Shepherd,Death,93,183,6,11.81
R Shepherd,Middle,263,463,9,10.56
R Shepherd,Powerplay,25,36,2,8.64
R Shukla,Death,35,66,0,11.31
R Shukla,Middle,40,59,1,8.85
R Shukla,Powerplay,55,73,4,7.96
R Tewatia,Death,46,54,4,7.04
R Tewatia,Middle,808,1019,28,7.57
R Tewatia,Powerplay,12,15,0,7.5
R Vinay Kumar,Death,686,1126,47,9.85
R Vinay Kumar,Middle,730,907,28,7.45
R Vinay Kumar,Powerplay,770,892,30,6.95
RA Bawa,Death,10,10,1,6.0
RA Bawa,Middle,22,31,1,8.45
RA Jadeja,Death,542,758,30,8.39
RA Jadeja,Middle,3640,4416,144,7.28
RA Jadeja,Powerplay,147,195,6,7.96
RA Shaikh,Powerplay,6,11,0,11.0
RA Tripathi,Middle,6,12,0,12.0
RD Chahar,Death,177,227,14,7.69
RD Chahar,Middle,1478,1837,58,7.46
RD Chahar,Powerplay,73,92,3,7.56
RE van der Merwe,Death,98,122,7,7.47
RE van der Merwe,Middle,319,310,11,5.83
RE van der Merwe,Powerplay,38,54,3,8.53
RG More,Death,18,25,0,8.33
RG More,Middle,13,17,1,7.85
RG More,Powerplay,6,15,0,15.0
RG Sharma,Death,50,70,7,8.4
RG Sharma,Middle,246,305,6,7.44
RG Sharma,Powerplay,53,63,2,7.13
RJ Gleeson,Death,28,47,1,10.07
RJ Gleeson,Middle,19,20,0,6.32
RJ Gleeson,Powerplay,26,38,1,8.77
RJ Harris,Death,281,411,25,8.78
RJ Harris,Middle,135,155,6,6.89
RJ Harris,Powerplay,449,432,14,5.77
RJ Peterson,Death,18,39,2,13.0
RJ Peterson,Middle,18,21,1,7.0
RJ Peterson,Powerplay,12,10,0,5.0
RJW Topley,Death,31,68,2,13.16
RJW Topley,Middle,33,59,1,10.73
RJW Topley,Powerplay,61,90,2,8.85
RN ten Doeschate,Death,7,10,0,8.57
RN ten Doeschate,Middle,76,78,2,6.16
RP Meredith,Death,144,227,12,9.46
RP Meredith,Middle,157,198,5,7.57
RP Meredith,Powerplay,114,147,2,7.74
RP Singh,Death,556,783,45,8.45
RP Singh,Middle,258,319,10,7.42
RP Singh,Powerplay,1060,1134,35,6.42
RR Bhatkal,Middle,6,15,0,15.0
RR Bhatkal,Powerplay,6,20,0,20.0
RR Bose,Powerplay,12,24,0,12.0
RR Powar,Death,24,35,2,8.75
RR Powar,Middle,279,309,7,6.65
RR Powar,Powerplay,140,157,4,6.73
RR Raje,Death,38,63,1,9.95
RR Raje,Middle,99,129,5,7.82
RR Raje,Powerplay,7,8,0,6.86
RS Bopara,Death,42,68,2,9.71
RS Bopara,Middle,171,208,9,7.3
RS Gavaskar,Death,6,8,0,8.0
RS Ghosh,Middle,18,24,1,8.0
RS Hangargekar,Death,15,13,1,5.2
RS Hangargekar,Middle,20,30,1,9.0
RS Hangargekar,Powerplay,8,10,1,7.5
RV Gomez,Death,12,25,1,12.5
RV Gomez,Middle,85,103,4,7.27
RV Patel,Death,7,10,0,8.57
RV Patel,Middle,13,10,0,4.62
RW Price,Middle,12,19,0,9.5
RW Price,Powerplay,6,14,0,14.0
Raghu Sharma,Death,6,14,0,14.0
Raghu Sharma,Middle,84,116,1,8.29
Ramandeep Singh,Death,39,50,5,7.69
Ramandeep Singh,Middle,27,34,2,7.56
Rashid Khan,Death,639,900,43,8.45
Rashid Khan,Middle,2579,2880,121,6.7
Rashid Khan,Powerplay,367,451,15,7.37
Rasikh Salam,Death,158,243,13,9.23
Rasikh Salam,Middle,199,307,11,9.26
Rasikh Salam,Powerplay,160,235,5,8.81
Ravi Bishnoi,Death,273,400,21,8.79
Ravi Bishnoi,Middle,1436,1836,56,7.67
Ravi Bishnoi,Powerplay,148,187,6,7.58
S Aravind,Death,154,232,15,9.04
S Aravind,Middle,192,259,10,8.09
S Aravind,Powerplay,442,516,20,7.0
S Badree,Death,6,4,0,4.0
S Badree,Middle,97,120,4,7.42
S Badree,Powerplay,160,185,7,6.94
S Dhawan,Middle,31,39,3,7.55
S Dhawan,Powerplay,18,26,1,8.67
S Dube,Death,43,73,3,10.19
S Dube,Middle,119,192,3,9.68
S Gopal,Death,56,61,6,6.54
S Gopal,Middle,830,1129,38,8.16
S Gopal,Powerplay,114,150,8,7.89
S Joseph,Middle,14,20,0,8.57
S Joseph,Powerplay,16,17,0,6.38
S Kaul,Death,425,598,30,8.44
S Kaul,Middle,459,596,16,7.79
S Kaul,Powerplay,354,512,12,8.68
S Kaushik,Death,24,57,0,14.25
S Kaushik,Middle,167,198,6,7.11
S Kaushik,Powerplay,19,36,0,11.37
S Ladda,Death,36,72,3,12.0
S Ladda,Middle,87,122,1,8.41
S Ladda,Powerplay,18,27,1,9.0
S Lamichhane,Death,31,51,1,9.87
S Lamichhane,Middle,108,140,7,7.78
S Lamichhane,Powerplay,72,100,5,8.33
S Midhun,Middle,13,26,0,12.0
S Nadeem,Death,117,178,6,9.13
S Nadeem,Middle,1017,1175,34,6.93
S Nadeem,Powerplay,310,400,8,7.74
S Narwal,Death,18,59,2,19.67
S Narwal,Middle,26,34,0,7.85
S Narwal,Powerplay,69,102,3,8.87
S Rana,Death,4,2,0,3.0
S Rana,Middle,12,16,0,8.0
S Randiv,Death,18,27,3,9.0
S Randiv,Middle,148,171,3,6.93
S Randiv,Powerplay,14,19,0,8.14
S Sandeep Warrier,Middle,32,43,0,8.06
S Sandeep Warrier,Powerplay,144,202,8,8.42
S Sreesanth,Death,141,239,8,10.17
S Sreesanth,Middle,182,213,5,7.02
S Sreesanth,Powerplay,624,660,27,6.35
S Sriram,Middle,18,49,0,16.33
S Tyagi,Death,13,30,0,13.85
S Tyagi,Middle,33,35,1,6.36
S Tyagi,Powerplay,174,219,5,7.55
S Vidyut,Middle,13,21,1,9.69
SA Abbott,Death,7,17,0,14.57
SA Abbott,Middle,21,28,0,8.0
SA Abbott,Powerplay,31,54,1,10.45
SA Yadav,Powerplay,6,8,0,8.0
SB Bangar,Death,24,56,1,14.0
SB Bangar,Middle,111,144,2,7.78
SB Bangar,Powerplay,18,12,1,4.0
SB Jakati,Death,131,204,10,9.34
SB Jakati,Middle,873,1081,37,7.43
SB Jakati,Powerplay,97,137,0,8.47
SB Joshi,Death,7,13,1,11.14
SB Joshi,Middle,48,69,0,8.62
SB Styris,Death,66,113,6,10.27
SB Styris,Middle,111,115,1,6.22
SB Styris,Powerplay,45,42,1,5.6
SB Wagh,Death,16,23,1,8.62
SB Wagh,Powerplay,92,108,4,7.04
SC Ganguly,Death,12,32,0,16.0
SC Ganguly,Middle,249,296,10,7.13
SC Ganguly,Powerplay,19,31,0,9.79
SC Kuggeleijn,Death,25,32,2,7.68
SC Kuggeleijn,Middle,19,26,0,8.21
SC Kuggeleijn,Powerplay,6,11,0,11.0
SD Chitnis,Death,7,4,1,3.43
SD Chitnis,Middle,24,39,1,9.75
SD Chitnis,Powerplay,7,11,0,9.43
SE Bond,Death,56,84,2,9.0
SE Bond,Middle,43,42,3,5.86
SE Bond,Powerplay,92,92,4,6.0
SE Rutherford,Death,5,2,0,2.4
SE Rutherford,Middle,41,52,1,7.61
SH Johnson,Death,56,76,3,8.14
SH Johnson,Middle,56,96,3,10.29
SH Johnson,Powerplay,131,207,1,9.48
SJ Srivastava,Death,60,82,5,8.2
SJ Srivastava,Middle,104,136,4,7.85
SJ Srivastava,Powerplay,142,191,5,8.07
SK Raina,Death,135,181,6,8.04
SK Raina,Middle,729,833,17,6.86
SK Raina,Powerplay,66,82,2,7.45
SK Trivedi,Death,315,445,20,8.48
SK Trivedi,Middle,1106,1208,39,6.55
SK Trivedi,Powerplay,136,187,6,8.25
SK Warne,Death,223,315,18,8.48
SK Warne,Middle,963,1036,38,6.45
SK Warne,Powerplay,37,57,1,9.24
SL Malinga,Death,1174,1398,108,7.14
SL Malinga,Middle,636,698,25,6.58
SL Malinga,Powerplay,1164,1098,37,5.66
SM Boland,Death,19,21,1,6.63
SM Boland,Middle,6,10,0,10.0
SM Boland,Powerplay,18,22,1,7.33
SM Curran,Death,412,714,34,10.4
SM Curran,Middle,306,502,14,9.84
SM Curran,Powerplay,590,762,11,7.75
SM Harwood,Death,26,44,1,10.15
SM Harwood,Middle,22,11,1,3.0
SM Harwood,Powerplay,19,6,1,1.89
SM Pollock,Death,6,8,0,8.0
SM Pollock,Middle,66,84,3,7.64
SM Pollock,Powerplay,208,205,8,5.91
SMSM Senanayake,Death,24,33,2,8.25
SMSM Senanayake,Middle,42,66,3,9.43
SMSM Senanayake,Powerplay,129,107,4,4.98
SN Khan,Death,2,6,0,18.0
SN Thakur,Death,818,1270,55,9.32
SN Thakur,Middle,784,970,35,7.42
SN Thakur,Powerplay,753,1112,29,8.86
SP Narine,Death,1128,1305,84,6.94
SP Narine,Middle,2582,2753,94,6.4
SP Narine,Powerplay,1020,1120,31,6.59
SPD Smith,Death,2,5,0,15.0
SR Dubey,Death,28,41,2,8.79
SR Dubey,Powerplay,59,51,3,5.19
SR Tendulkar,Death,6,19,0,19.0
SR Tendulkar,Middle,31,38,0,7.35
SR Watson,Death,631,893,42,8.49
SR Watson,Middle,634,730,16,6.91
SR Watson,Powerplay,872,948,34,6.52
SS Agarwal,Middle,18,31,1,10.33
SS Agarwal,Powerplay,6,11,0,11.0
SS Cottrell,Death,19,47,2,14.84
SS Cottrell,Middle,20,18,0,5.4
SS Cottrell,Powerplay,92,96,4,6.26
SS Iyer,Death,6,7,0,7.0
SS Mishra,Death,10,10,1,6.0
SS Mishra,Middle,29,37,1,7.66
SS Mishra,Powerplay,8,11,0,8.25
SS Mundhe,Powerplay,7,5,1,4.29
SS Sarkar,Death,13,13,1,6.0
SS Sarkar,Middle,6,6,0,6.0
SS Sarkar,Powerplay,6,15,0,15.0
SSB Magala,Death,12,9,1,4.5
SSB Magala,Middle,13,13,0,6.0
SSB Magala,Powerplay,12,28,0,14.0
ST Jayasuriya,Death,61,85,3,8.36
ST Jayasuriya,Middle,234,280,10,7.18
ST Jayasuriya,Powerplay,6,10,0,10.0
STR Binny,Death,61,96,3,9.44
STR Binny,Middle,390,456,14,7.02
STR Binny,Powerplay,160,189,5,7.09
SW Tait,Death,159,185,13,6.98
SW Tait,Middle,110,123,3,6.71
SW Tait,Powerplay,265,249,7,5.64
SZ Mulani,Death,8,19,0,14.25
SZ Mulani,Middle,19,23,0,7.26
SZ Mulani,Powerplay,6,12,0,12.0
Sachin Baby,Death,4,4,2,6.0
Sachin Baby,Middle,6,4,0,4.0
Sakib Hussain,Death,86,108,7,7.53
Sakib Hussain,Middle,120,165,5,8.25
Sakib Hussain,Powerplay,68,98,3,8.65
Sandeep Sharma,Death,839,1339,63,9.58
Sandeep Sharma,Middle,661,816,24,7.41
Sandeep Sharma,Powerplay,1795,2019,64,6.75
Shahbaz Ahmed,Death,57,85,7,8.95
Shahbaz Ahmed,Middle,465,726,18,9.37
Shahbaz Ahmed,Powerplay,153,238,2,9.33
Shahid Afridi,Death,37,56,2,9.08
Shahid Afridi,Middle,123,139,6,6.78
Shahid Afridi,Powerplay,25,25,1,6.0
Shakib Al Hasan,Death,205,296,13,8.66
Shakib Al Hasan,Middle,855,950,32,6.67
Shakib Al Hasan,Powerplay,455,556,18,7.33
Shashank Singh,Death,18,43,1,14.33
Shashank Singh,Middle,75,94,4,7.52
Shivam Mavi,Death,209,327,12,9.39
Shivam Mavi,Middle,167,180,9,6.47
Shivam Mavi,Powerplay,311,396,9,7.64
Shivam Sharma,Death,24,38,0,9.5
Shivam Sharma,Middle,90,127,4,8.47
Shivang Kumar,Death,14,23,2,9.86
Shivang Kumar,Middle,219,324,7,8.88
Shivang Kumar,Powerplay,7,22,0,18.86
Shoaib Ahmed,Death,18,42,0,14.0
Shoaib Ahmed,Middle,67,72,4,6.45
Shoaib Ahmed,Powerplay,18,37,1,12.33
Shoaib Akhtar,Powerplay,46,50,5,6.52
Shoaib Malik,Death,16,24,1,9.0
Shoaib Malik,Middle,42,53,1,7.57
Sikandar Raza,Middle,75,106,3,8.48
Sikandar Raza,Powerplay,13,27,0,12.46
Simarjeet Singh,Death,40,60,1,9.0
Simarjeet Singh,Middle,85,124,5,8.75
Simarjeet Singh,Powerplay,131,196,5,8.98
Sohail Tanvir,Death,107,113,16,6.34
Sohail Tanvir,Middle,12,8,0,4.0
Sohail Tanvir,Powerplay,146,125,6,5.14
Sumit Kumar,Death,4,6,0,9.0
Sumit Kumar,Middle,18,30,0,10.0
Sunny Gupta,Middle,13,33,0,15.23
Sunny Gupta,Powerplay,6,12,0,12.0
Suryansh Shedge,Death,7,25,0,21.43
Suryansh Shedge,Middle,12,14,0,7.0
Suyash Sharma,Death,98,143,4,8.76
Suyash Sharma,Middle,706,1002,20,8.52
Suyash Sharma,Powerplay,18,22,3,7.33
Swapnil Singh,Middle,122,177,2,8.7
Swapnil Singh,Powerplay,43,61,5,8.51
T Henderson,Death,18,27,0,9.0
T Henderson,Middle,18,13,1,4.33
T Natarajan,Death,664,1035,47,9.35
T Natarajan,Middle,564,732,11,7.79
T Natarajan,Powerplay,403,528,15,7.86
T Shamsi,Death,18,42,1,14.0
T Shamsi,Middle,102,139,2,8.18
T Stubbs,Death,6,5,0,5.0
T Stubbs,Middle,31,63,4,12.19
T Thushara,Death,48,77,4,9.62
T Thushara,Middle,33,21,1,3.82
T Thushara,Powerplay,63,54,3,5.14
T Vijay,Middle,6,11,0,11.0
T Vijay,Powerplay,6,18,0,18.0
TA Boult,Death,779,1284,57,9.89
TA Boult,Middle,397,541,16,8.18
TA Boult,Powerplay,1716,1992,72,6.97
TG Southee,Death,368,589,18,9.6
TG Southee,Middle,232,274,11,7.09
TG Southee,Powerplay,662,819,18,7.42
TH David,Middle,6,18,0,18.0
TK Curran,Death,119,225,7,11.34
TK Curran,Middle,89,128,5,8.63
TK Curran,Powerplay,44,63,1,8.59
TL Suman,Death,25,47,1,11.28
TL Suman,Middle,121,143,5,7.09
TL Suman,Powerplay,6,5,0,5.0
TM Dilshan,Death,25,31,1,7.44
TM Dilshan,Middle,206,270,4,7.86
TM Dilshan,Powerplay,44,60,0,8.18
TM Head,Death,24,34,3,8.5
TM Head,Middle,40,86,0,12.9
TP Sudhindra,Death,22,49,0,13.36
TP Sudhindra,Middle,26,45,1,10.38
TP Sudhindra,Powerplay,26,38,0,8.77
TS Mills,Death,67,106,4,9.49
TS Mills,Middle,73,130,1,10.68
TS Mills,Powerplay,78,92,6,7.08
TU Deshpande,Death,407,654,29,9.64
TU Deshpande,Middle,247,368,9,8.94
TU Deshpande,Powerplay,540,744,17,8.27
Tejas Baroka,Death,3,9,0,18.0
Tejas Baroka,Middle,12,16,0,8.0
Tejas Baroka,Powerplay,6,8,0,8.0
Tilak Varma,Death,4,8,0,12.0
Tilak Varma,Middle,13,12,0,5.54
Tilak Varma,Powerplay,6,7,0,7.0
UT Yadav,Death,777,1233,52,9.52
UT Yadav,Middle,901,1149,34,7.65
UT Yadav,Powerplay,1512,1803,58,7.15
Umar Gul,Death,53,78,4,8.83
Umar Gul,Middle,58,56,4,5.79
Umar Gul,Powerplay,42,32,4,4.57
Umran Malik,Death,75,124,6,9.92
Umran Malik,Middle,412,519,23,7.56
Umran Malik,Powerplay,32,89,0,16.69
V Kaverappa,Middle,6,16,0,16.0
V Kaverappa,Powerplay,18,20,2,6.67
V Kohli,Death,27,55,1,12.22
V Kohli,Middle,237,299,3,7.57
V Nigam,Death,39,34,2,5.23
V Nigam,Middle,205,341,7,9.98
V Nigam,Powerplay,57,80,4,8.42
V Pratap Singh,Death,43,70,5,9.77
V Pratap Singh,Middle,68,87,2,7.68
V Pratap Singh,Powerplay,100,132,3,7.92
V Puthur,Death,13,23,0,10.62
V Puthur,Middle,60,85,6,8.5
V Sehwag,Death,22,50,2,13.64
V Sehwag,Middle,102,138,4,8.12
V Sehwag,Powerplay,14,45,0,19.29
V Shankar,Death,51,59,2,6.94
V Shankar,Middle,196,253,7,7.74
V Shankar,Powerplay,11,11,0,6.0
V Viyaskanth,Middle,60,86,1,8.6
VG Arora,Death,249,367,19,8.84
VG Arora,Middle,112,188,6,10.07
VG Arora,Powerplay,570,785,22,8.26
VR Aaron,Death,231,366,15,9.51
VR Aaron,Middle,427,508,15,7.14
VR Aaron,Powerplay,407,527,14,7.77
VR Iyer,Death,35,53,2,9.09
VR Iyer,Middle,49,87,1,10.65
VRV Singh,Death,111,155,7,8.38
VRV Singh,Middle,179,245,4,8.21
VRV Singh,Powerplay,81,131,1,9.7
VS Malik,Death,7,12,0,10.29
VS Malik,Middle,75,91,2,7.28
VS Malik,Powerplay,130,151,4,6.97
VS Yeligati,Death,6,13,0,13.0
VS Yeligati,Middle,20,28,0,8.4
VS Yeligati,Powerplay,6,12,0,12.0
VY Mahesh,Death,64,79,10,7.41
VY Mahesh,Middle,213,255,7,7.18
VY Mahesh,Powerplay,82,144,4,10.54
Vijaykumar Vyshak,Death,134,243,11,10.88
Vijaykumar Vyshak,Middle,336,483,13,8.62
Vijaykumar Vyshak,Powerplay,80,145,2,10.88
Vivrant Sharma,Middle,21,34,0,9.71
W O'Rourke,Death,14,30,2,12.86
W O'Rourke,Middle,25,48,2,11.52
W O'Rourke,Powerplay,25,51,2,12.24
WA Mota,Death,25,46,1,11.04
WA Mota,Middle,50,48,3,5.76
WD Parnell,Death,243,318,16,7.85
WD Parnell,Middle,122,136,3,6.69
WD Parnell,Powerplay,393,427,16,6.52
WG Jacks,Death,12,16,0,8.0
WG Jacks,Middle,128,174,7,8.16
WG Jacks,Powerplay,63,108,3,10.29
WPUJC Vaas,Death,49,89,2,10.9
WPUJC Vaas,Middle,39,54,1,8.31
WPUJC Vaas,Powerplay,200,202,15,6.06
Washington Sundar,Death,88,146,5,9.95
Washington Sundar,Middle,707,826,22,7.01
Washington Sundar,Powerplay,391,530,13,8.13
XC Bartlett,Death,76,121,2,9.55
XC Bartlett,Middle,54,105,0,11.67
XC Bartlett,Powerplay,139,246,5,10.62
Y Gnaneswara Rao,Middle,6,7,0,7.0
Y Nagar,Middle,66,107,4,9.73
Y Nagar,Powerplay,6,10,0,10.0
Y Prithvi Raj,Middle,20,22,1,6.6
Y Prithvi Raj,Powerplay,13,32,0,14.77
Y Venugopal Rao,Death,24,53,1,13.25
Y Venugopal Rao,Middle,156,209,4,8.04
Y Venugopal Rao,Powerplay,42,67,1,9.57
YA Abdulla,Death,64,109,6,10.22
YA Abdulla,Middle,69,87,2,7.57
YA Abdulla,Powerplay,89,98,7,6.61
YBK Jaiswal,Death,1,6,0,36.0
YK Pathan,Death,81,122,3,9.04
YK Pathan,Middle,735,871,25,7.11
YK Pathan,Powerplay,368,379,14,6.18
YS Chahal,Death,704,1032,66,8.8
YS Chahal,Middle,3054,3708,149,7.28
YS Chahal,Powerplay,409,525,18,7.7
Yash Dayal,Death,252,387,16,9.21
Yash Dayal,Middle,214,278,9,7.79
Yash Dayal,Powerplay,454,668,16,8.83
Yash Raj Punja,Death,18,19,1,6.33
Yash Raj Punja,Middle,162,242,8,8.96
Yash Raj Punja,Powerplay,6,12,0,12.0
Yash Thakur,Death,204,348,14,10.24
Yash Thakur,Middle,171,240,5,8.42
Yash Thakur,Powerplay,126,199,8,9.48
Yudhvir Singh,Death,18,36,1,12.0
Yudhvir Singh,Middle,39,70,1,10.77
Yudhvir Singh,Powerplay,88,136,6,9.27
Yuvraj Singh,Death,114,151,6,7.95
Yuvraj Singh,Middle,768,913,30,7.13
Z Khan,Death,620,899,37,8.7
Z Khan,Middle,310,404,13,7.82
Z Khan,Powerplay,1346,1388,52,6.19
Zeeshan Ansari,Death,25,48,0,11.52
Zeeshan Ansari,Middle,184,279,6,9.1
