striker,phase,balls_faced,total_runs,dots,boundaries,strike_rate,true_strike_rate
A Ashish Reddy,Death,148,214,40,23,144.5945945945946,-6.19
A Ashish Reddy,Middle,41,61,16,7,148.78048780487805,25.89
A Ashish Reddy,Powerplay,7,5,5,1,71.42857142857143,-50.78
A Badoni,Death,351,538,108,66,153.27635327635326,2.5
A Badoni,Middle,429,516,149,57,120.27972027972027,-2.61
A Badoni,Powerplay,105,124,58,20,118.0952380952381,-4.11
A Chandila,Death,7,4,3,0,57.14285714285714,-93.64
A Chopra,Death,2,1,1,0,50.0,-100.78
A Chopra,Middle,32,25,18,3,78.125,-44.77
A Chopra,Powerplay,41,27,26,4,65.85365853658537,-56.35
A Choudhary,Death,20,25,4,2,125.0,-25.78
A Dananjaya,Death,5,4,2,0,80.0,-70.78
A Flintoff,Death,18,25,5,3,138.88888888888889,-11.89
A Flintoff,Middle,24,23,8,2,95.83333333333334,-27.06
A Flintoff,Powerplay,15,14,11,2,93.33333333333333,-28.87
A Kamboj,Death,47,55,17,6,117.02127659574468,-33.76
A Kamboj,Middle,8,19,2,3,237.5,114.61
A Kumble,Death,44,34,20,3,77.27272727272727,-73.51
A Kumble,Middle,5,1,4,0,20.0,-102.89
A Manohar,Death,99,148,34,19,149.4949494949495,-1.29
A Manohar,Middle,126,132,53,16,104.76190476190477,-18.13
A Manohar,Powerplay,18,12,12,2,66.66666666666666,-55.54
A Mhatre,Death,10,9,2,0,90.0,-60.78
A Mhatre,Middle,87,157,22,21,180.45977011494253,57.57
A Mhatre,Powerplay,153,275,65,53,179.73856209150327,57.53
A Mishra,Death,264,260,114,28,98.48484848484848,-52.3
A Mishra,Middle,171,120,81,8,70.17543859649122,-52.72
A Mishra,Powerplay,5,1,4,0,20.0,-102.21
A Mithun,Death,14,19,7,3,135.71428571428572,-15.07
A Mithun,Middle,12,15,4,2,125.0,2.11
A Mukund,Death,1,0,1,0,0.0,-150.78
A Mukund,Middle,6,5,2,0,83.33333333333334,-39.56
A Mukund,Powerplay,16,14,6,1,87.5,-34.71
A Nehra,Death,63,41,37,4,65.07936507936508,-85.7
A Nortje,Death,52,49,26,6,94.23076923076923,-56.55
A Raghuvanshi,Death,86,137,22,19,159.30232558139534,8.52
A Raghuvanshi,Middle,339,465,95,57,137.16814159292034,14.27
A Raghuvanshi,Powerplay,203,283,95,45,139.40886699507388,17.2
A Singh,Death,8,2,6,0,25.0,-125.78
A Singh,Middle,2,0,2,0,0.0,-122.89
A Symonds,Death,197,293,61,34,148.73096446700507,-2.05
A Symonds,Middle,498,609,192,69,122.28915662650604,-0.6
A Symonds,Powerplay,86,72,55,12,83.72093023255815,-38.48
A Tomar,Powerplay,8,4,7,1,50.0,-72.21
A Uniyal,Death,7,4,3,0,57.14285714285714,-93.64
A Zampa,Death,11,6,5,0,54.54545454545454,-96.24
A Zampa,Middle,14,9,8,1,64.28571428571429,-58.61
AA Bilakhia,Death,34,36,11,3,105.88235294117648,-44.9
AA Bilakhia,Middle,21,10,12,0,47.61904761904761,-75.27
AA Bilakhia,Powerplay,33,23,20,2,69.6969696969697,-52.51
AA Chavan,Death,8,11,3,2,137.5,-13.28
AA Chavan,Middle,3,1,2,0,33.33333333333333,-89.56
AA Jhunjhunwala,Death,53,69,20,10,130.18867924528303,-20.59
AA Jhunjhunwala,Middle,129,124,55,11,96.12403100775194,-26.77
AA Jhunjhunwala,Powerplay,36,24,23,3,66.66666666666666,-55.54
AA Kulkarni,Middle,12,9,6,1,75.0,-47.89
AA Kulkarni,Powerplay,21,17,13,2,80.95238095238095,-41.25
AA Noffke,Middle,12,9,6,1,75.0,-47.89
AB Agarkar,Death,98,125,26,12,127.55102040816327,-23.23
AB Agarkar,Middle,47,34,25,3,72.3404255319149,-50.55
AB Agarkar,Powerplay,15,20,9,3,133.33333333333331,11.13
AB Barath,Death,5,2,3,0,40.0,-110.78
AB Barath,Middle,24,22,12,3,91.66666666666666,-31.23
AB Barath,Powerplay,14,18,7,3,128.57142857142858,6.37
AB Dinda,Death,41,20,25,1,48.78048780487805,-102.0
AB Dinda,Middle,9,6,6,1,66.66666666666666,-56.23
AB McDonald,Death,68,80,23,7,117.64705882352942,-33.13
AB McDonald,Middle,16,13,4,0,81.25,-41.64
AB McDonald,Powerplay,19,30,11,6,157.89473684210526,35.69
AB de Villiers,Death,867,1868,204,275,215.4555940023068,64.67
AB de Villiers,Middle,1990,2572,592,272,129.2462311557789,6.35
AB de Villiers,Powerplay,630,741,319,120,117.61904761904762,-4.59
AC Blizzard,Middle,14,21,7,3,150.0,27.11
AC Blizzard,Powerplay,77,99,41,20,128.57142857142858,6.37
AC Gilchrist,Death,32,63,9,10,196.875,46.09
AC Gilchrist,Middle,443,621,172,81,140.18058690744923,17.29
AC Gilchrist,Powerplay,1080,1385,556,240,128.24074074074073,6.04
AC Thomas,Death,19,20,8,2,105.26315789473684,-45.52
AC Voges,Death,56,85,13,9,151.78571428571428,1.0
AC Voges,Middle,78,89,26,8,114.1025641025641,-8.79
AC Voges,Powerplay,9,7,5,1,77.77777777777779,-44.43
AD Hales,Middle,37,34,12,2,91.8918918918919,-31.0
AD Hales,Powerplay,82,114,36,17,139.02439024390242,16.82
AD Mascarenhas,Death,41,49,11,3,119.51219512195121,-31.27
AD Mascarenhas,Middle,36,26,17,2,72.22222222222221,-50.67
AD Mascarenhas,Powerplay,2,4,1,1,200.0,77.79
AD Mathews,Death,289,425,83,49,147.05882352941177,-3.72
AD Mathews,Middle,293,289,111,23,98.63481228668942,-24.26
AD Mathews,Powerplay,17,10,13,1,58.82352941176471,-63.38
AD Nath,Death,25,22,13,3,88.0,-62.78
AD Nath,Middle,62,57,26,5,91.93548387096774,-30.96
AD Nath,Powerplay,12,11,6,1,91.66666666666666,-30.54
AD Russell,Death,795,1432,328,227,180.125786163522,29.34
AD Russell,Middle,814,1182,373,175,145.20884520884522,22.32
AD Russell,Powerplay,17,41,6,8,241.17647058823528,118.97
AF Milne,Death,24,19,12,1,79.16666666666666,-71.61
AF Milne,Middle,9,6,4,0,66.66666666666666,-56.23
AG Murtaza,Death,14,10,7,1,71.42857142857143,-79.35
AG Paunikar,Powerplay,61,49,41,9,80.32786885245902,-41.88
AJ Finch,Death,184,282,62,36,153.26086956521738,2.48
AJ Finch,Middle,686,899,242,111,131.04956268221574,8.16
AJ Finch,Powerplay,826,911,445,145,110.2905569007264,-11.92
AJ Hosein,Death,14,21,4,2,150.0,-0.78
AJ Turner,Death,19,7,12,0,36.84210526315789,-113.94
AJ Turner,Middle,12,17,5,2,141.66666666666669,18.77
AJ Tye,Death,62,70,29,8,112.90322580645163,-37.88
AJ Tye,Middle,17,21,10,3,123.52941176470588,0.64
AK Markram,Death,177,296,46,40,167.2316384180791,16.45
AK Markram,Middle,707,889,188,84,125.74257425742574,2.85
AK Markram,Powerplay,380,486,174,75,127.89473684210526,5.69
AL Menaria,Death,83,97,35,12,116.86746987951808,-33.91
AL Menaria,Middle,276,296,112,29,107.24637681159422,-15.65
AL Menaria,Powerplay,8,8,5,1,100.0,-22.21
AM Ghazanfar,Death,3,2,1,0,66.66666666666666,-84.11
AM Nayar,Death,200,310,62,42,155.0,4.22
AM Nayar,Middle,312,297,127,24,95.1923076923077,-27.7
AM Nayar,Powerplay,76,65,45,9,85.52631578947368,-36.68
AM Rahane,Death,330,509,84,64,154.24242424242425,3.46
AM Rahane,Middle,1759,2099,499,192,119.32916429789653,-3.56
AM Rahane,Powerplay,2302,2759,1091,425,119.85230234578627,-2.35
AN Ahmed,Death,27,36,11,5,133.33333333333331,-17.45
AN Ghosh,Middle,1,0,1,0,0.0,-122.89
AN Ghosh,Powerplay,7,7,4,1,100.0,-22.21
AP Dole,Death,21,33,6,4,157.14285714285714,6.36
AP Dole,Middle,2,1,1,0,50.0,-72.89
AP Majumdar,Death,3,2,1,0,66.66666666666666,-84.11
AP Majumdar,Middle,59,64,20,5,108.47457627118644,-14.42
AP Majumdar,Powerplay,15,21,7,4,140.0,17.79
AP Tare,Death,26,40,9,6,153.84615384615387,3.07
AP Tare,Middle,45,73,15,11,162.22222222222223,39.33
AP Tare,Powerplay,214,226,118,34,105.60747663551402,-16.6
AR Bawne,Death,12,12,4,1,100.0,-50.78
AR Patel,Death,693,1012,203,115,146.03174603174602,-4.75
AR Patel,Middle,864,998,344,120,115.50925925925925,-7.38
AR Patel,Powerplay,78,79,40,11,101.28205128205127,-20.92
AS Joseph,Death,29,24,16,3,82.75862068965517,-68.02
AS Joseph,Middle,3,3,0,0,100.0,-22.89
AS Rajpoot,Death,36,25,23,3,69.44444444444444,-81.34
AS Rajpoot,Middle,5,1,4,0,20.0,-102.89
AS Raut,Death,108,120,42,12,111.11111111111111,-39.67
AS Raut,Middle,58,67,22,7,115.51724137931035,-7.38
AS Raut,Powerplay,6,7,3,1,116.66666666666667,-5.54
AS Roy,Death,41,59,11,6,143.90243902439025,-6.88
AS Roy,Middle,20,15,10,1,75.0,-47.89
AS Roy,Powerplay,5,4,4,1,80.0,-42.21
AS Yadav,Death,30,39,13,6,130.0,-20.78
AS Yadav,Middle,10,10,5,1,100.0,-22.89
AT Carey,Death,29,32,8,1,110.34482758620689,-40.44
AT Rayudu,Death,725,1179,202,155,162.6206896551724,11.84
AT Rayudu,Middle,2015,2392,677,260,118.70967741935483,-4.18
AT Rayudu,Powerplay,750,777,395,117,103.60000000000001,-18.61
AU Rashid,Death,3,4,2,1,133.33333333333331,-17.45
AU Rashid,Middle,14,18,6,2,128.57142857142858,5.68
AUK Pathan,Death,12,14,7,3,116.66666666666667,-34.11
AUK Pathan,Middle,8,11,4,1,137.5,14.61
AUK Pathan,Powerplay,6,14,3,3,233.33333333333334,111.13
Abdul Basith,Death,1,1,0,0,100.0,-50.78
Abdul Samad,Death,338,552,114,74,163.31360946745562,12.53
Abdul Samad,Middle,258,305,104,36,118.2170542635659,-4.68
Abdul Samad,Powerplay,2,2,1,0,100.0,-22.21
Abdur Razzak,Death,2,0,2,0,0.0,-150.78
Abhishek Sharma,Death,139,196,48,25,141.0071942446043,-9.77
Abhishek Sharma,Middle,477,796,150,107,166.8763102725367,43.98
Abhishek Sharma,Powerplay,855,1387,371,236,162.22222222222223,40.02
Abishek Porel,Death,37,62,13,10,167.56756756756758,16.79
Abishek Porel,Middle,237,325,61,35,137.1308016877637,14.24
Abishek Porel,Powerplay,274,382,122,63,139.4160583941606,17.21
Akash Deep,Death,12,20,5,3,166.66666666666669,15.89
Akash Deep,Middle,2,5,0,1,250.0,127.11
Akash Madhwal,Death,9,6,4,0,66.66666666666666,-84.11
Akash Madhwal,Middle,5,2,3,0,40.0,-82.89
Akshat Raghuwanshi,Middle,27,29,9,2,107.40740740740742,-15.49
Aman Hakim Khan,Death,44,59,20,8,134.0909090909091,-16.69
Aman Hakim Khan,Middle,60,52,31,5,86.66666666666667,-36.23
Aman Hakim Khan,Powerplay,5,4,4,1,80.0,-42.21
Aniket Verma,Death,79,143,26,20,181.0126582278481,30.23
Aniket Verma,Middle,109,155,47,21,142.2018348623853,19.31
Aniket Verma,Powerplay,17,17,8,2,100.0,-22.21
Anirudh Singh,Death,14,13,7,1,92.85714285714286,-57.92
Anirudh Singh,Middle,33,32,13,3,96.96969696969697,-25.92
Anirudh Singh,Powerplay,22,18,14,3,81.81818181818183,-40.39
Ankit Sharma,Death,35,48,11,5,137.14285714285714,-13.64
Ankit Sharma,Middle,11,12,4,1,109.09090909090908,-13.8
Ankit Sharma,Powerplay,23,27,14,5,117.3913043478261,-4.81
Ankit Soni,Death,9,7,7,1,77.77777777777779,-73.0
Anmolpreet Singh,Middle,24,23,9,2,95.83333333333334,-27.06
Anmolpreet Singh,Powerplay,93,116,46,20,124.73118279569893,2.53
Anuj Rawat,Death,85,142,26,20,167.05882352941177,16.28
Anuj Rawat,Middle,100,93,42,8,93.0,-29.89
Anuj Rawat,Powerplay,91,83,55,12,91.20879120879121,-31.0
Anureet Singh,Death,38,32,17,3,84.21052631578947,-66.57
Anureet Singh,Middle,9,4,5,0,44.44444444444444,-78.45
Arjun Tendulkar,Death,14,18,3,1,128.57142857142858,-22.21
Arshad Khan,Death,65,88,26,10,135.3846153846154,-15.4
Arshad Khan,Middle,37,54,16,7,145.94594594594594,23.05
Arshad Khan (2),Death,4,5,2,1,125.0,-25.78
Arshdeep Singh,Death,46,28,31,3,60.86956521739131,-89.91
Arshdeep Singh,Middle,3,4,2,1,133.33333333333331,10.44
Ashok Sharma,Death,1,0,1,0,0.0,-150.78
Ashok Sharma,Middle,4,1,3,0,25.0,-97.89
Ashutosh Sharma,Death,239,417,82,62,174.47698744769875,23.7
Ashutosh Sharma,Middle,117,147,48,17,125.64102564102564,2.75
Ashwani Kumar,Death,6,1,5,0,16.666666666666664,-134.11
Atharva Taide,Middle,76,103,20,12,135.5263157894737,12.63
Atharva Taide,Powerplay,112,157,54,26,140.17857142857142,17.97
Auqib Nabi,Death,3,10,1,2,333.33333333333337,182.55
Auqib Nabi,Middle,1,4,0,1,400.0,277.11
Avesh Khan,Death,42,56,20,9,133.33333333333331,-17.45
Avesh Khan,Middle,4,12,2,2,300.0,177.11
Azhar Mahmood,Death,94,123,42,18,130.85106382978725,-19.93
Azhar Mahmood,Middle,193,243,66,30,125.90673575129534,3.01
Azhar Mahmood,Powerplay,24,22,16,4,91.66666666666666,-30.54
Azmatullah Omarzai,Death,41,69,17,11,168.29268292682926,17.51
Azmatullah Omarzai,Middle,64,82,24,10,128.125,5.23
B Akhil,Death,36,49,17,7,136.11111111111111,-14.67
B Akhil,Middle,21,27,9,3,128.57142857142858,5.68
B Chipli,Death,56,100,10,14,178.57142857142858,27.79
B Chipli,Middle,121,125,48,13,103.30578512396693,-19.59
B Chipli,Powerplay,79,55,52,8,69.62025316455697,-52.59
B Indrajith,Middle,3,2,1,0,66.66666666666666,-56.23
B Indrajith,Powerplay,28,19,17,2,67.85714285714286,-54.35
B Kumar,Death,340,316,159,34,92.94117647058823,-57.84
B Kumar,Middle,52,38,29,4,73.07692307692307,-49.82
B Laughlin,Death,6,2,4,0,33.33333333333333,-117.45
B Laughlin,Middle,7,3,4,0,42.857142857142854,-80.04
B Lee,Death,92,112,43,15,121.73913043478262,-29.04
B Lee,Middle,10,12,3,1,120.0,-2.89
B Sai Sudharsan,Death,153,308,34,45,201.30718954248366,50.53
B Sai Sudharsan,Middle,830,1186,199,136,142.89156626506022,20.0
B Sai Sudharsan,Powerplay,777,1021,333,160,131.4028314028314,9.2
B Stanlake,Death,2,5,0,1,250.0,99.22
B Sumanth,Death,26,26,8,2,100.0,-50.78
B Sumanth,Middle,12,9,7,1,75.0,-47.89
BA Bhatt,Death,7,6,6,1,85.71428571428571,-65.07
BA Stokes,Death,132,207,39,26,156.8181818181818,6.04
BA Stokes,Middle,400,488,126,49,122.0,-0.89
BA Stokes,Powerplay,186,240,88,38,129.03225806451613,6.83
BAW Mendis,Death,6,3,3,0,50.0,-100.78
BB McCullum,Death,100,181,22,24,181.0,30.22
BB McCullum,Middle,894,1144,328,145,127.96420581655481,5.07
BB McCullum,Powerplay,1278,1557,678,254,121.83098591549295,-0.37
BB Samantray,Death,31,42,9,6,135.48387096774192,-15.3
BB Samantray,Middle,63,68,25,7,107.93650793650794,-14.96
BB Samantray,Powerplay,22,15,14,2,68.18181818181817,-54.02
BB Sran,Death,14,10,5,0,71.42857142857143,-79.35
BCJ Cutting,Death,126,216,50,31,171.42857142857142,20.65
BCJ Cutting,Middle,20,22,8,3,110.00000000000001,-12.89
BE Hendricks,Death,3,1,2,0,33.33333333333333,-117.45
BJ Haddin,Powerplay,11,18,5,3,163.63636363636365,41.43
BJ Hodge,Death,385,606,105,76,157.40259740259742,6.62
BJ Hodge,Middle,599,646,231,67,107.84641068447411,-15.05
BJ Hodge,Powerplay,169,148,103,22,87.57396449704143,-34.63
BJ Rohrer,Death,36,79,7,12,219.44444444444446,68.66
BJ Rohrer,Middle,109,114,49,14,104.58715596330275,-18.31
BJ Rohrer,Powerplay,1,0,1,0,0.0,-122.21
BKG Mendis,Middle,1,0,1,0,0.0,-122.89
BKG Mendis,Powerplay,10,20,4,3,200.0,77.79
BMAJ Mendis,Middle,25,22,7,0,88.0,-34.89
BMAJ Mendis,Powerplay,2,1,1,0,50.0,-72.21
BR Dunk,Powerplay,36,40,20,7,111.11111111111111,-11.09
BR Sharath,Middle,5,2,3,0,40.0,-82.89
Basil Thampi,Death,32,29,14,2,90.625,-60.16
Basil Thampi,Middle,5,3,2,0,60.0,-62.89
Bipul Sharma,Death,110,172,30,19,156.36363636363637,5.58
Bipul Sharma,Middle,14,15,4,1,107.14285714285714,-15.75
Brijesh Sharma,Death,4,2,2,0,50.0,-100.78
C Bosch,Death,58,95,19,13,163.79310344827587,13.01
C Bosch,Middle,5,2,3,0,40.0,-82.89
C Connolly,Death,39,94,6,15,241.02564102564102,90.24
C Connolly,Middle,169,260,56,35,153.84615384615387,30.95
C Connolly,Powerplay,108,137,63,25,126.85185185185186,4.65
C Green,Death,149,265,32,36,177.8523489932886,27.07
C Green,Middle,375,507,119,56,135.20000000000002,12.31
C Green,Powerplay,178,257,71,41,144.38202247191012,22.18
C Madan,Powerplay,21,15,15,3,71.42857142857143,-50.78
C Munro,Death,6,4,3,0,66.66666666666666,-84.11
C Munro,Middle,46,42,23,5,91.30434782608695,-31.59
C Munro,Powerplay,92,131,42,22,142.3913043478261,20.19
C Nanda,Death,1,0,1,0,0.0,-150.78
C Sakariya,Death,27,19,18,3,70.37037037037037,-80.41
C Sakariya,Middle,4,1,3,0,25.0,-97.89
C de Grandhomme,Death,117,160,42,17,136.75213675213675,-14.03
C de Grandhomme,Middle,110,142,43,19,129.0909090909091,6.2
C de Grandhomme,Powerplay,2,1,1,0,50.0,-72.21
CA Ingram,Death,43,63,14,9,146.51162790697674,-4.27
CA Ingram,Middle,122,128,54,16,104.91803278688525,-17.98
CA Ingram,Powerplay,18,14,10,2,77.77777777777779,-44.43
CA Lynn,Death,36,36,14,3,100.0,-50.78
CA Lynn,Middle,385,514,131,59,133.5064935064935,10.61
CA Lynn,Powerplay,553,779,271,136,140.86799276672696,18.66
CA Pujara,Death,43,47,18,5,109.30232558139534,-41.48
CA Pujara,Middle,124,128,43,13,103.2258064516129,-19.67
CA Pujara,Powerplay,236,215,139,36,91.10169491525424,-31.1
CH Gayle,Death,304,581,99,89,191.11842105263156,40.34
CH Gayle,Middle,1361,2011,520,266,147.75900073475384,24.87
CH Gayle,Powerplay,1851,2405,1017,412,129.92976769313884,7.72
CH Morris,Death,311,499,87,60,160.45016077170416,9.67
CH Morris,Middle,95,102,45,13,107.36842105263158,-15.52
CH Morris,Powerplay,7,17,2,3,242.85714285714283,120.65
CJ Anderson,Death,110,175,42,23,159.0909090909091,8.31
CJ Anderson,Middle,262,311,115,39,118.70229007633588,-4.19
CJ Anderson,Powerplay,64,52,43,9,81.25,-40.96
CJ Ferguson,Death,24,23,11,3,95.83333333333334,-54.95
CJ Ferguson,Middle,71,58,33,4,81.69014084507043,-41.2
CJ Ferguson,Powerplay,24,17,14,2,70.83333333333334,-51.37
CJ Jordan,Death,75,80,33,6,106.66666666666667,-44.11
CJ Jordan,Middle,6,1,5,0,16.666666666666664,-106.23
CJ McKay,Middle,15,8,8,0,53.333333333333336,-69.56
CK Kapugedera,Death,21,15,8,0,71.42857142857143,-79.35
CK Kapugedera,Middle,3,1,2,0,33.33333333333333,-89.56
CK Langeveldt,Death,5,7,3,1,140.0,-10.78
CK Langeveldt,Middle,4,1,3,0,25.0,-97.89
CL White,Death,199,363,38,45,182.41206030150755,31.63
CL White,Middle,455,501,170,55,110.10989010989012,-12.78
CL White,Powerplay,120,107,66,14,89.16666666666667,-33.04
CM Gautam,Death,45,55,19,9,122.22222222222223,-28.56
CM Gautam,Middle,49,46,26,4,93.87755102040816,-29.02
CM Gautam,Powerplay,64,68,39,10,106.25,-15.96
CR Brathwaite,Death,85,157,31,23,184.7058823529412,33.93
CR Brathwaite,Middle,35,24,22,3,68.57142857142857,-54.32
CR Woakes,Death,56,63,21,7,112.5,-38.28
CR Woakes,Middle,21,15,12,2,71.42857142857143,-51.46
CRD Fernando,Death,3,4,0,0,133.33333333333331,-17.45
CV Varun,Death,53,31,32,3,58.490566037735846,-92.29
CV Varun,Middle,3,0,3,0,0.0,-122.89
D Brevis,Death,43,88,14,14,204.6511627906977,53.87
D Brevis,Middle,310,431,118,53,139.03225806451613,16.14
D Brevis,Powerplay,79,87,42,14,110.12658227848102,-12.08
D Ferreira,Death,96,192,37,29,200.0,49.22
D Ferreira,Middle,87,120,32,18,137.93103448275863,15.04
D Ferreira,Powerplay,12,14,6,2,116.66666666666667,-5.54
D Kalyankrishna,Death,8,3,5,0,37.5,-113.28
D Padikkal,Death,102,138,41,22,135.29411764705884,-15.49
D Padikkal,Middle,841,1058,290,125,125.8026159334126,2.91
D Padikkal,Powerplay,836,1074,395,174,128.4688995215311,6.26
D Pretorius,Death,28,44,10,6,157.14285714285714,6.36
D Salunkhe,Death,17,25,6,4,147.05882352941177,-3.72
D Salunkhe,Middle,7,8,2,1,114.28571428571428,-8.61
D Wiese,Death,80,125,27,18,156.25,5.47
D Wiese,Middle,25,23,7,1,92.0,-30.89
D du Preez,Death,9,7,3,0,77.77777777777779,-73.0
D du Preez,Middle,4,3,2,0,75.0,-47.89
DA Miller,Death,905,1509,262,196,166.7403314917127,15.96
DA Miller,Middle,1413,1677,487,178,118.68365180467092,-4.21
DA Miller,Powerplay,123,102,71,13,82.92682926829268,-39.28
DA Payne,Death,5,6,1,0,120.0,-30.78
DA Warner,Death,363,628,101,86,173.00275482093664,22.22
DA Warner,Middle,1985,2621,590,276,132.04030226700252,9.15
DA Warner,Powerplay,2501,3318,1182,537,132.66693322670932,10.46
DAJ Bracewell,Death,9,12,1,1,133.33333333333331,-17.45
DB Das,Death,100,117,36,14,117.0,-33.78
DB Das,Middle,112,129,55,16,115.17857142857142,-7.71
DB Das,Powerplay,55,58,33,9,105.45454545454544,-16.75
DB Ravi Teja,Death,126,169,42,21,134.12698412698413,-16.65
DB Ravi Teja,Middle,139,153,51,16,110.07194244604317,-12.82
DB Ravi Teja,Powerplay,60,53,31,7,88.33333333333333,-33.87
DE Bollinger,Death,23,21,11,2,91.30434782608695,-59.48
DG Nalkande,Death,1,0,1,0,0.0,-150.78
DG Nalkande,Middle,11,12,4,1,109.09090909090908,-13.8
DH Yagnik,Death,78,96,30,13,123.07692307692308,-27.7
DH Yagnik,Middle,64,74,32,12,115.625,-7.27
DJ Bravo,Death,542,909,150,113,167.71217712177122,16.93
DJ Bravo,Middle,589,528,280,53,89.64346349745331,-33.25
DJ Bravo,Powerplay,116,123,68,20,106.03448275862068,-16.17
DJ Harris,Middle,37,54,14,7,145.94594594594594,23.05
DJ Harris,Powerplay,66,57,38,9,86.36363636363636,-35.84
DJ Hooda,Death,340,466,112,52,137.05882352941177,-13.72
DJ Hooda,Middle,706,867,227,85,122.80453257790369,-0.09
DJ Hooda,Powerplay,167,164,89,23,98.20359281437125,-24.0
DJ Hussey,Death,234,410,69,52,175.2136752136752,24.43
DJ Hussey,Middle,748,778,292,76,104.01069518716577,-18.88
DJ Hussey,Powerplay,119,134,64,22,112.60504201680672,-9.6
DJ Jacobs,Middle,8,9,3,1,112.5,-10.39
DJ Jacobs,Powerplay,93,83,59,13,89.24731182795699,-32.96
DJ Malan,Middle,24,25,9,2,104.16666666666667,-18.73
DJ Malan,Powerplay,2,1,1,0,50.0,-72.21
DJ Mitchell,Death,40,46,9,3,114.99999999999999,-35.78
DJ Mitchell,Middle,154,208,41,22,135.06493506493507,12.17
DJ Mitchell,Powerplay,80,97,32,13,121.24999999999999,-0.96
DJ Muthuswami,Death,3,1,2,0,33.33333333333333,-117.45
DJ Thornely,Middle,33,35,14,4,106.06060606060606,-16.83
DJ Thornely,Powerplay,21,4,17,0,19.047619047619047,-103.16
DJ Willey,Death,22,24,9,3,109.09090909090908,-41.69
DJ Willey,Middle,30,23,18,3,76.66666666666667,-46.23
DJ Willey,Powerplay,12,6,9,1,50.0,-72.21
DJG Sammy,Death,101,136,42,17,134.65346534653466,-16.13
DJG Sammy,Middle,144,151,62,14,104.86111111111111,-18.03
DJG Sammy,Powerplay,6,8,4,2,133.33333333333331,11.13
DJM Short,Middle,39,65,16,10,166.66666666666669,43.77
DJM Short,Powerplay,63,50,32,6,79.36507936507937,-42.84
DL Chahar,Death,65,81,29,10,124.61538461538461,-26.17
DL Chahar,Middle,40,61,14,7,152.5,29.61
DL Vettori,Death,62,74,19,8,119.35483870967742,-31.43
DL Vettori,Middle,56,47,27,5,83.92857142857143,-38.96
DM Bravo,Death,5,6,2,1,120.0,-30.78
DNT Zoysa,Death,8,10,3,1,125.0,-25.78
DNT Zoysa,Middle,1,1,0,0,100.0,-22.89
DP Conway,Death,66,96,18,13,145.45454545454547,-5.33
DP Conway,Middle,352,521,97,66,148.01136363636365,25.12
DP Conway,Powerplay,376,463,173,72,123.13829787234043,0.93
DP Nannes,Death,9,2,7,0,22.22222222222222,-128.56
DP Nannes,Middle,4,2,2,0,50.0,-72.89
DP Vijaykumar,Death,1,1,0,0,100.0,-50.78
DPMD Jayawardene,Death,246,374,69,50,152.03252032520325,1.25
DPMD Jayawardene,Middle,755,823,280,84,109.00662251655629,-13.89
DPMD Jayawardene,Powerplay,521,611,270,106,117.27447216890594,-4.93
DR Martyn,Death,4,5,2,1,125.0,-25.78
DR Martyn,Middle,19,13,6,0,68.42105263157895,-54.47
DR Martyn,Powerplay,3,1,2,0,33.33333333333333,-88.87
DR Sams,Death,26,27,14,3,103.84615384615385,-46.93
DR Sams,Middle,15,16,6,1,106.66666666666667,-16.23
DR Sams,Powerplay,7,1,6,0,14.285714285714285,-107.92
DR Shorey,Middle,20,13,12,1,65.0,-57.89
DR Smith,Death,114,168,39,21,147.36842105263156,-3.41
DR Smith,Middle,686,1004,255,139,146.35568513119534,23.46
DR Smith,Powerplay,1003,1213,538,202,120.93718843469591,-1.27
DS Kulkarni,Death,103,99,44,9,96.11650485436894,-54.66
DS Kulkarni,Middle,10,5,6,0,50.0,-72.89
DS Lehmann,Middle,16,14,8,2,87.5,-35.39
DS Lehmann,Powerplay,3,4,2,1,133.33333333333331,11.13
DS Rathi,Death,9,3,6,0,33.33333333333333,-117.45
DT Christian,Death,229,309,75,32,134.93449781659388,-15.85
DT Christian,Middle,171,148,65,10,86.54970760233918,-36.34
DT Christian,Powerplay,8,3,5,0,37.5,-84.71
DT Patil,Death,1,4,0,1,400.0,249.22
DT Patil,Middle,12,9,5,0,75.0,-47.89
DV Malewar,Powerplay,5,2,3,0,40.0,-82.21
DW Steyn,Death,154,163,66,17,105.84415584415585,-44.94
DW Steyn,Middle,9,4,6,0,44.44444444444444,-78.45
Dhruv Jurel,Death,291,485,75,61,166.66666666666669,15.89
Dhruv Jurel,Middle,415,559,142,73,134.6987951807229,11.81
Dhruv Jurel,Powerplay,95,151,44,26,158.94736842105263,36.74
E Lewis,Death,24,32,12,5,133.33333333333331,-17.45
E Lewis,Middle,177,202,77,23,114.12429378531073,-8.77
E Lewis,Powerplay,298,420,145,70,140.93959731543623,18.73
E Malinga,Death,14,6,8,0,42.857142857142854,-107.92
E Malinga,Middle,4,1,3,0,25.0,-97.89
EJG Morgan,Death,328,516,114,66,157.3170731707317,6.54
EJG Morgan,Middle,654,714,276,83,109.1743119266055,-13.72
EJG Morgan,Powerplay,199,176,122,27,88.44221105527639,-33.76
ER Dwivedi,Death,9,19,3,3,211.11111111111111,60.33
ER Dwivedi,Powerplay,6,5,4,1,83.33333333333334,-38.87
F Behardien,Death,12,14,4,2,116.66666666666667,-34.11
F Behardien,Middle,1,0,1,0,0.0,-122.89
F du Plessis,Death,333,568,90,77,170.57057057057057,19.79
F du Plessis,Middle,1559,1924,422,174,123.41244387427838,0.52
F du Plessis,Powerplay,1713,2281,777,363,133.15820198482194,10.95
FA Allen,Death,13,11,6,1,84.61538461538461,-66.17
FA Allen,Middle,6,3,3,0,50.0,-72.89
FH Allen,Middle,50,142,11,22,284.0,161.11
FH Allen,Powerplay,118,207,52,39,175.4237288135593,53.22
FH Edwards,Death,5,4,3,0,80.0,-70.78
FY Fazal,Death,33,38,10,5,115.15151515151516,-35.63
FY Fazal,Middle,64,69,21,7,107.8125,-15.08
FY Fazal,Powerplay,82,76,43,11,92.6829268292683,-29.52
Fazalhaq Farooqi,Death,15,5,10,0,33.33333333333333,-117.45
G Coetzee,Death,24,23,14,3,95.83333333333334,-54.95
G Coetzee,Middle,9,8,4,1,88.88888888888889,-34.0
G Gambhir,Death,193,270,61,34,139.89637305699483,-10.88
G Gambhir,Middle,1386,1670,403,173,120.49062049062049,-2.4
G Gambhir,Powerplay,1945,2277,893,344,117.06940874035989,-5.14
GB Hogg,Death,22,22,5,1,100.0,-50.78
GC Smith,Death,41,66,11,10,160.97560975609758,10.19
GC Smith,Middle,249,299,86,34,120.08032128514057,-2.81
GC Smith,Powerplay,401,374,223,59,93.26683291770573,-28.94
GC Viljoen,Death,7,3,5,0,42.857142857142854,-107.92
GD McGrath,Death,5,4,4,1,80.0,-70.78
GD Phillips,Death,49,76,19,11,155.10204081632654,4.32
GD Phillips,Middle,51,52,21,4,101.96078431372548,-20.93
GD Phillips,Powerplay,12,4,9,0,33.33333333333333,-88.87
GF Linde,Death,21,31,10,6,147.61904761904762,-3.16
GH Vihari,Death,70,80,23,8,114.28571428571428,-36.5
GH Vihari,Middle,169,145,69,11,85.79881656804734,-37.09
GH Vihari,Powerplay,92,59,54,5,64.13043478260869,-58.08
GHS Garton,Death,4,2,2,0,50.0,-100.78
GJ Bailey,Death,190,327,43,40,172.10526315789474,21.32
GJ Bailey,Middle,231,205,90,14,88.74458874458875,-34.15
GJ Bailey,Powerplay,131,131,74,24,100.0,-22.21
GJ Maxwell,Death,352,607,119,88,172.4431818181818,21.66
GJ Maxwell,Middle,1226,1780,458,236,145.18760195758566,22.29
GJ Maxwell,Powerplay,318,433,155,75,136.16352201257862,13.96
GR Napier,Death,4,5,2,1,125.0,-25.78
GR Napier,Middle,12,10,5,0,83.33333333333334,-39.56
Gulbadin Naib,Death,10,15,3,2,150.0,-0.78
Gulbadin Naib,Middle,5,4,1,0,80.0,-42.89
Gurkeerat Singh,Death,168,251,53,36,149.4047619047619,-1.38
Gurkeerat Singh,Middle,229,225,93,24,98.2532751091703,-24.64
Gurkeerat Singh,Powerplay,39,35,24,6,89.74358974358975,-32.46
H Das,Death,5,2,3,0,40.0,-110.78
H Klaasen,Death,401,738,99,98,184.03990024937656,33.26
H Klaasen,Middle,834,1256,234,152,150.59952038369303,27.71
H Klaasen,Powerplay,85,110,38,16,129.41176470588235,7.21
HC Brook,Death,27,36,6,4,133.33333333333331,-17.45
HC Brook,Middle,45,58,17,7,128.88888888888889,6.0
HC Brook,Powerplay,87,96,47,16,110.34482758620689,-11.86
HE van der Dussen,Death,10,12,3,1,120.0,-30.78
HE van der Dussen,Middle,15,10,9,1,66.66666666666666,-56.23
HF Gurney,Death,5,1,4,0,20.0,-130.78
HH Gibbs,Death,46,72,8,8,156.52173913043478,5.74
HH Gibbs,Middle,354,367,148,36,103.67231638418079,-19.22
HH Gibbs,Powerplay,437,447,254,70,102.2883295194508,-19.92
HH Pandya,Death,946,1510,311,204,159.61945031712474,8.84
HH Pandya,Middle,979,1271,346,152,129.82635342185904,6.93
HH Pandya,Powerplay,191,183,107,29,95.81151832460732,-26.39
HM Amla,Death,54,122,14,21,225.9259259259259,75.15
HM Amla,Middle,158,194,43,19,122.78481012658229,-0.11
HM Amla,Powerplay,206,261,93,41,126.6990291262136,4.49
HR Shokeen,Death,19,23,8,4,121.05263157894737,-29.73
HR Shokeen,Middle,43,42,21,5,97.67441860465115,-25.22
HR Shokeen,Powerplay,5,1,4,0,20.0,-102.21
HV Patel,Death,171,213,67,26,124.56140350877195,-26.22
HV Patel,Middle,79,67,45,7,84.81012658227847,-38.08
Harbhajan Singh,Death,434,624,178,92,143.77880184331798,-7.0
Harbhajan Singh,Middle,148,147,79,20,99.32432432432432,-23.57
Harbhajan Singh,Powerplay,54,62,28,9,114.81481481481481,-7.39
Harmeet Singh,Death,12,18,5,3,150.0,-0.78
Harpreet Brar,Death,163,209,62,25,128.2208588957055,-22.56
Harpreet Brar,Middle,54,40,32,5,74.07407407407408,-48.82
Harpreet Singh,Death,38,50,11,5,131.57894736842107,-19.2
Harpreet Singh,Middle,52,43,21,3,82.6923076923077,-40.2
Harpreet Singh,Powerplay,29,30,17,5,103.44827586206897,-18.76
Harsh Dubey,Death,11,13,5,2,118.18181818181819,-32.6
Harshit Rana,Death,35,30,22,5,85.71428571428571,-65.07
Harshit Rana,Middle,22,29,11,3,131.8181818181818,8.92
Himmat Singh,Death,42,65,13,8,154.76190476190476,3.98
Himmat Singh,Middle,32,27,15,2,84.375,-38.52
I Malhotra,Death,4,7,0,1,175.0,24.22
I Sharma,Death,57,45,31,4,78.94736842105263,-71.83
I Sharma,Middle,14,12,8,2,85.71428571428571,-37.18
I Udana,Death,11,15,4,2,136.36363636363635,-14.42
IC Pandey,Death,2,0,2,0,0.0,-150.78
IK Pathan,Death,465,663,159,86,142.5806451612903,-8.2
IK Pathan,Middle,451,395,184,26,87.58314855875831,-35.31
IK Pathan,Powerplay,69,92,30,14,133.33333333333331,11.13
IR Jaggi,Death,15,13,5,0,86.66666666666667,-64.11
IR Jaggi,Middle,48,38,24,3,79.16666666666666,-43.73
IR Jaggi,Powerplay,37,25,22,3,67.56756756756756,-54.64
IS Sodhi,Death,11,5,6,0,45.45454545454545,-105.33
IS Sodhi,Middle,7,2,5,0,28.57142857142857,-94.32
Imran Tahir,Death,31,29,16,4,93.54838709677419,-57.23
Imran Tahir,Middle,6,4,5,1,66.66666666666666,-56.23
Iqbal Abdulla,Death,61,70,25,9,114.75409836065573,-36.03
Iqbal Abdulla,Middle,25,18,11,1,72.0,-50.89
Ishan Kishan,Death,229,416,70,63,181.65938864628822,30.88
Ishan Kishan,Middle,1213,1660,371,198,136.8507831821929,13.96
Ishan Kishan,Powerplay,1137,1524,545,253,134.03693931398416,11.83
J Arunkumar,Powerplay,24,23,16,5,95.83333333333334,-26.37
J Botha,Death,123,159,37,18,129.26829268292684,-21.51
J Botha,Middle,187,205,66,19,109.62566844919786,-13.27
J Botha,Powerplay,54,45,35,7,83.33333333333334,-38.87
J Fraser-McGurk,Middle,52,87,22,12,167.30769230769232,44.41
J Fraser-McGurk,Powerplay,151,298,71,57,197.35099337748346,75.15
J Overton,Death,67,104,24,16,155.22388059701493,4.44
J Overton,Middle,31,47,9,5,151.61290322580646,28.72
J Suchith,Death,32,56,11,8,175.0,24.22
J Suchith,Middle,30,14,19,1,46.666666666666664,-76.23
J Syed Mohammad,Death,16,20,5,3,125.0,-25.78
J Syed Mohammad,Middle,11,9,6,1,81.81818181818183,-41.08
J Theron,Death,13,10,6,1,76.92307692307693,-73.86
J Yadav,Death,29,31,11,2,106.89655172413792,-43.88
J Yadav,Middle,9,9,3,1,100.0,-22.89
JA Morkel,Death,425,637,133,77,149.88235294117646,-0.9
JA Morkel,Middle,273,320,114,36,117.21611721611723,-5.68
JA Morkel,Powerplay,14,18,5,3,128.57142857142858,6.37
JA Richardson,Death,4,2,3,0,50.0,-100.78
JA Richardson,Middle,23,15,14,2,65.21739130434783,-57.68
JC Archer,Death,175,266,59,32,152.0,1.22
JC Archer,Middle,53,60,26,8,113.20754716981132,-9.69
JC Archer,Powerplay,4,0,4,0,0.0,-122.21
JC Buttler,Death,437,804,126,113,183.9816933638444,33.2
JC Buttler,Middle,1415,1988,440,246,140.4946996466431,17.6
JC Buttler,Powerplay,1356,1855,662,311,136.79941002949855,14.59
JD Ryder,Death,28,45,8,5,160.71428571428572,9.93
JD Ryder,Middle,104,119,31,12,114.42307692307692,-8.47
JD Ryder,Powerplay,334,440,161,71,131.73652694610777,9.53
JD Unadkat,Death,145,178,55,20,122.75862068965517,-28.02
JD Unadkat,Middle,28,23,16,3,82.14285714285714,-40.75
JDP Oram,Death,51,62,21,8,121.56862745098039,-29.21
JDP Oram,Middle,59,44,29,3,74.57627118644068,-48.32
JDS Neesham,Death,47,42,24,4,89.36170212765957,-61.42
JDS Neesham,Middle,46,50,16,4,108.69565217391303,-14.2
JE Root,Powerplay,15,10,8,1,66.66666666666666,-55.54
JE Taylor,Death,4,3,2,0,75.0,-75.78
JEC Franklin,Death,70,97,18,12,138.57142857142856,-12.21
JEC Franklin,Middle,143,151,50,11,105.5944055944056,-17.3
JEC Franklin,Powerplay,96,79,56,11,82.29166666666666,-39.91
JG Bethell,Middle,26,26,6,2,100.0,-22.89
JG Bethell,Powerplay,94,137,45,25,145.74468085106383,23.54
JH Kallis,Death,231,394,62,56,170.56277056277057,19.78
JH Kallis,Middle,1036,997,361,78,96.23552123552123,-26.66
JH Kallis,Powerplay,1024,1036,559,165,101.171875,-21.03
JJ Bumrah,Death,82,65,39,5,79.26829268292683,-71.51
JJ Bumrah,Middle,7,10,3,2,142.85714285714286,19.96
JJ Roy,Death,23,41,7,6,178.26086956521738,27.48
JJ Roy,Middle,136,193,39,24,141.91176470588235,19.02
JJ Roy,Powerplay,301,380,151,66,126.24584717607974,4.04
JJ van der Wath,Death,12,14,6,2,116.66666666666667,-34.11
JJ van der Wath,Middle,5,4,2,0,80.0,-42.89
JL Denly,Powerplay,1,0,1,0,0.0,-122.21
JL Pattinson,Death,13,15,4,2,115.38461538461537,-35.4
JM Bairstow,Death,57,75,22,7,131.57894736842107,-19.2
JM Bairstow,Middle,477,655,166,81,137.31656184486374,14.42
JM Bairstow,Powerplay,647,944,291,159,145.90417310664606,23.7
JM Kemp,Death,9,4,5,0,44.44444444444444,-106.34
JM Kemp,Middle,13,20,5,2,153.84615384615387,30.95
JM Kemp,Powerplay,3,2,1,0,66.66666666666666,-55.54
JM Sharma,Death,279,479,98,69,171.68458781362008,20.9
JM Sharma,Middle,450,615,179,83,136.66666666666666,13.77
JM Sharma,Powerplay,23,13,16,2,56.52173913043478,-65.68
JO Holder,Death,180,227,73,26,126.11111111111111,-24.67
JO Holder,Middle,71,85,28,8,119.71830985915493,-3.18
JO Holder,Powerplay,21,12,18,3,57.14285714285714,-65.06
JP Behrendorff,Death,9,6,3,0,66.66666666666666,-84.11
JP Duminy,Death,530,882,116,104,166.41509433962264,15.63
JP Duminy,Middle,900,912,298,65,101.33333333333334,-21.56
JP Duminy,Powerplay,250,235,148,36,94.0,-28.21
JP Faulkner,Death,294,439,86,51,149.31972789115648,-1.46
JP Faulkner,Middle,92,74,47,6,80.43478260869566,-42.46
JP Faulkner,Powerplay,20,14,12,2,70.0,-52.21
JP Inglis,Death,23,31,8,5,134.7826086956522,-16.0
JP Inglis,Middle,143,206,42,27,144.05594405594405,21.16
JP Inglis,Powerplay,162,307,69,54,189.50617283950618,67.3
JPR Scantlebury-Searles,Death,6,8,3,1,133.33333333333331,-17.45
JR Hazlewood,Death,20,17,7,1,85.0,-65.78
JR Hazlewood,Middle,11,2,9,0,18.181818181818183,-104.71
JR Hopes,Death,46,63,10,6,136.95652173913044,-13.82
JR Hopes,Middle,130,187,42,27,143.84615384615384,20.95
JR Hopes,Powerplay,138,167,68,27,121.01449275362319,-1.19
JR Philippe,Death,2,1,1,0,50.0,-100.78
JR Philippe,Middle,21,26,6,3,123.80952380952381,0.92
JR Philippe,Powerplay,57,51,31,7,89.47368421052632,-32.73
Jaskaran Singh,Death,9,7,4,0,77.77777777777779,-73.0
Jaskaran Singh,Middle,2,1,1,0,50.0,-72.89
Joginder Sharma,Death,28,36,8,3,128.57142857142858,-22.21
Joginder Sharma,Middle,2,0,2,0,0.0,-122.89
K Goel,Death,31,30,15,4,96.7741935483871,-54.01
K Goel,Middle,42,28,24,2,66.66666666666666,-56.23
K Goel,Powerplay,166,160,91,20,96.3855421686747,-25.82
K Gowtham,Death,97,164,39,22,169.0721649484536,18.29
K Gowtham,Middle,56,75,20,9,133.92857142857142,11.04
K Gowtham,Powerplay,6,8,3,1,133.33333333333331,11.13
K Kartikeya,Death,14,10,7,1,71.42857142857143,-79.35
K Kartikeya,Middle,4,2,3,0,50.0,-72.89
K Rabada,Death,168,187,78,22,111.30952380952381,-39.47
K Rabada,Middle,84,74,44,10,88.09523809523809,-34.8
K Rabada,Powerplay,4,1,3,0,25.0,-97.21
K Upadhyay,Death,9,12,3,1,133.33333333333331,-17.45
K Yadav,Death,4,0,4,0,0.0,-150.78
KA Jamieson,Death,38,53,16,7,139.4736842105263,-11.31
KA Jamieson,Middle,36,24,24,3,66.66666666666666,-56.23
KA Maharaj,Death,2,1,1,0,50.0,-100.78
KA Pollard,Death,1270,2032,461,273,160.0,9.22
KA Pollard,Middle,1123,1352,477,166,120.39180765805877,-2.5
KA Pollard,Powerplay,54,53,29,6,98.14814814814815,-24.06
KAJ Roach,Death,7,5,3,0,71.42857142857143,-79.35
KAJ Roach,Middle,2,5,0,1,250.0,127.11
KB Arun Karthik,Death,30,25,14,2,83.33333333333334,-67.45
KB Arun Karthik,Middle,23,26,10,3,113.04347826086956,-9.85
KC Cariappa,Death,13,12,7,1,92.3076923076923,-58.47
KC Cariappa,Middle,8,12,1,1,150.0,27.11
KC Sangakkara,Death,132,202,41,29,153.03030303030303,2.25
KC Sangakkara,Middle,824,963,268,106,116.86893203883496,-6.02
KC Sangakkara,Powerplay,468,522,243,87,111.53846153846155,-10.67
KD Karthik,Death,1151,1904,356,270,165.42137271937446,14.64
KD Karthik,Middle,2122,2542,743,296,119.79264844486333,-3.1
KD Karthik,Powerplay,414,397,230,61,95.89371980676329,-26.31
KH Pandya,Death,532,800,181,108,150.37593984962405,-0.4
KH Pandya,Middle,925,1096,370,128,118.4864864864865,-4.41
KH Pandya,Powerplay,82,86,47,13,104.8780487804878,-17.33
KJ Abbott,Death,7,13,2,1,185.71428571428572,34.93
KJ Abbott,Middle,1,0,1,0,0.0,-122.89
KK Ahmed,Death,9,2,7,0,22.22222222222222,-128.56
KK Cooper,Death,44,79,17,12,179.54545454545453,28.76
KK Cooper,Middle,24,30,12,4,125.0,2.11
KK Cooper,Powerplay,2,7,0,1,350.0,227.79
KK Nair,Death,160,275,47,38,171.875,21.09
KK Nair,Middle,673,818,228,95,121.54531946508172,-1.35
KK Nair,Powerplay,499,619,254,104,124.04809619238478,1.84
KL Nagarkoti,Death,21,16,9,1,76.19047619047619,-74.59
KL Nagarkoti,Middle,13,6,8,0,46.15384615384615,-76.74
KL Rahul,Death,536,907,143,122,169.21641791044777,18.44
KL Rahul,Middle,1831,2484,487,265,135.66357181867832,12.77
KL Rahul,Powerplay,1935,2437,863,361,125.94315245478036,3.74
KM Asif,Middle,2,0,2,0,0.0,-122.89
KM Jadhav,Death,417,565,139,68,135.4916067146283,-15.29
KM Jadhav,Middle,512,576,178,61,112.5,-10.39
KM Jadhav,Powerplay,83,67,58,13,80.72289156626506,-41.48
KMA Paul,Death,26,18,17,2,69.23076923076923,-81.55
KMDN Kulasekara,Death,3,5,1,1,166.66666666666669,15.89
KP Appanna,Death,4,2,2,0,50.0,-100.78
KP Pietersen,Death,70,123,16,17,175.71428571428572,24.93
KP Pietersen,Middle,387,486,140,55,125.5813953488372,2.69
KP Pietersen,Powerplay,301,392,134,59,130.2325581395349,8.03
KR Mayers,Middle,59,97,21,13,164.40677966101697,41.51
KR Mayers,Powerplay,217,282,120,47,129.95391705069125,7.75
KR Sen,Death,3,0,3,0,0.0,-150.78
KS Bharat,Death,21,32,5,2,152.38095238095238,1.6
KS Bharat,Middle,86,102,28,9,118.6046511627907,-4.29
KS Bharat,Powerplay,61,65,29,9,106.55737704918033,-15.65
KS Rathore,Powerplay,5,0,5,0,0.0,-122.21
KS Sharma,Middle,10,6,4,0,60.0,-62.89
KS Sharma,Powerplay,15,10,8,1,66.66666666666666,-55.54
KS Williamson,Death,287,460,60,59,160.2787456445993,9.5
KS Williamson,Middle,954,1189,299,122,124.63312368972746,1.74
KS Williamson,Powerplay,493,483,263,70,97.97160243407707,-24.23
KT Maphaka,Death,3,8,1,2,266.66666666666663,115.89
KV Sharma,Death,192,248,75,28,129.16666666666669,-21.61
KV Sharma,Middle,106,97,44,8,91.50943396226415,-31.38
KV Sharma,Powerplay,9,7,6,1,77.77777777777779,-44.43
KW Richardson,Death,21,17,7,0,80.95238095238095,-69.83
KW Richardson,Middle,18,19,10,3,105.55555555555556,-17.34
Kamran Akmal,Death,17,26,5,3,152.94117647058823,2.16
Kamran Akmal,Middle,20,51,4,8,254.99999999999997,132.11
Kamran Akmal,Powerplay,41,51,24,10,124.39024390243902,2.18
Kamran Khan,Death,1,0,1,0,0.0,-150.78
Kamran Khan,Middle,4,3,2,0,75.0,-47.89
Karanveer Singh,Death,10,8,5,1,80.0,-70.78
Karanveer Singh,Middle,7,4,4,0,57.14285714285714,-65.75
Kartik Sharma,Death,45,77,19,14,171.11111111111111,20.33
Kartik Sharma,Middle,152,187,60,22,123.0263157894737,0.13
Kartik Sharma,Powerplay,23,31,9,4,134.7826086956522,12.58
Kartik Tyagi,Death,24,20,13,2,83.33333333333334,-67.45
Kartik Tyagi,Middle,2,4,1,1,200.0,77.11
Krish Bhagat,Death,13,6,8,0,46.15384615384615,-104.63
Krish Bhagat,Middle,8,4,4,0,50.0,-72.89
Kuldeep Yadav,Death,216,187,106,19,86.57407407407408,-64.21
Kuldeep Yadav,Middle,47,23,30,2,48.93617021276596,-73.96
Kumar Kushagra,Death,1,0,1,0,0.0,-150.78
Kumar Kushagra,Middle,5,2,3,0,40.0,-82.89
Kumar Kushagra,Powerplay,15,19,7,3,126.66666666666666,4.46
L Ablish,Death,2,0,2,0,0.0,-150.78
L Balaji,Death,46,35,26,3,76.08695652173914,-74.69
L Balaji,Middle,4,1,3,0,25.0,-97.89
L Ngidi,Death,9,4,6,0,44.44444444444444,-106.34
L Ronchi,Powerplay,37,34,26,7,91.8918918918919,-30.31
L Wood,Death,3,9,0,1,300.0,149.22
LA Carseldine,Death,13,20,0,2,153.84615384615387,3.07
LA Carseldine,Middle,22,23,8,2,104.54545454545455,-18.35
LA Carseldine,Powerplay,36,38,23,7,105.55555555555556,-16.65
LA Pomersbach,Death,51,67,17,8,131.37254901960785,-19.41
LA Pomersbach,Middle,119,131,53,15,110.08403361344538,-12.81
LA Pomersbach,Powerplay,81,104,39,15,128.39506172839506,6.19
LB Williams,Death,2,1,1,0,50.0,-100.78
LE Plunkett,Death,3,1,2,0,33.33333333333333,-117.45
LG Pretorius,Death,4,5,1,0,125.0,-25.78
LG Pretorius,Middle,2,2,0,0,100.0,-22.89
LG Pretorius,Powerplay,2,0,2,0,0.0,-122.21
LH Ferguson,Death,49,72,14,9,146.9387755102041,-3.84
LJ Wright,Death,38,84,8,16,221.0526315789474,70.27
LJ Wright,Middle,16,14,8,2,87.5,-35.39
LJ Wright,Powerplay,9,8,6,1,88.88888888888889,-33.32
LMP Simmons,Death,38,56,10,7,147.36842105263156,-3.41
LMP Simmons,Middle,360,481,136,60,133.61111111111111,10.72
LMP Simmons,Powerplay,480,542,256,86,112.91666666666667,-9.29
LPC Silva,Death,10,23,1,3,229.99999999999997,79.22
LPC Silva,Middle,9,8,4,1,88.88888888888889,-34.0
LPC Silva,Powerplay,8,9,5,2,112.5,-9.71
LR Shukla,Death,171,219,64,28,128.0701754385965,-22.71
LR Shukla,Middle,182,184,85,21,101.0989010989011,-21.79
LR Shukla,Powerplay,5,2,3,0,40.0,-82.21
LRPL Taylor,Death,204,312,68,39,152.94117647058823,2.16
LRPL Taylor,Middle,518,550,204,48,106.1776061776062,-16.72
LRPL Taylor,Powerplay,125,155,62,25,124.0,1.79
LS Livingstone,Death,173,345,59,52,199.42196531791907,48.64
LS Livingstone,Middle,414,542,148,65,130.91787439613526,8.02
LS Livingstone,Powerplay,138,179,75,29,129.71014492753622,7.5
Lalit Yadav,Death,85,94,35,12,110.58823529411765,-40.19
Lalit Yadav,Middle,184,186,75,19,101.08695652173914,-21.81
Lalit Yadav,Powerplay,32,25,19,3,78.125,-44.08
Liton Das,Powerplay,4,4,3,1,100.0,-22.21
M Ashwin,Death,37,30,19,3,81.08108108108108,-69.7
M Ashwin,Middle,13,5,8,0,38.46153846153847,-84.43
M Jansen,Death,147,156,61,15,106.12244897959184,-44.66
M Jansen,Middle,39,36,17,3,92.3076923076923,-30.59
M Kaif,Death,45,54,18,5,120.0,-30.78
M Kaif,Middle,174,183,73,19,105.17241379310344,-17.72
M Kaif,Powerplay,39,22,29,4,56.41025641025641,-65.8
M Kartik,Death,77,78,20,4,101.29870129870129,-49.48
M Kartik,Middle,32,35,12,4,109.375,-13.52
M Klinger,Middle,28,23,12,2,82.14285714285714,-40.75
M Klinger,Powerplay,50,50,24,7,100.0,-22.21
M Manhas,Death,190,244,58,25,128.42105263157896,-22.36
M Manhas,Middle,241,224,103,21,92.9460580912863,-29.95
M Manhas,Powerplay,55,46,36,7,83.63636363636363,-38.57
M Markande,Death,43,48,19,6,111.62790697674419,-39.15
M Markande,Middle,1,0,1,0,0.0,-122.89
M Morkel,Death,83,116,31,15,139.75903614457832,-11.02
M Morkel,Middle,10,10,4,1,100.0,-22.89
M Muralitharan,Death,30,20,17,1,66.66666666666666,-84.11
M Ntini,Death,19,11,15,2,57.89473684210527,-92.89
M Prasidh Krishna,Death,31,15,19,1,48.38709677419355,-102.39
M Rawat,Death,46,40,20,4,86.95652173913044,-63.82
M Rawat,Middle,22,15,12,1,68.18181818181817,-54.71
M Rawat,Powerplay,2,0,2,0,0.0,-122.21
M Shahrukh Khan,Death,257,398,88,52,154.863813229572,4.08
M Shahrukh Khan,Middle,273,354,114,46,129.67032967032966,6.78
M Shahrukh Khan,Powerplay,21,23,10,3,109.52380952380953,-12.68
M Theekshana,Death,22,15,12,1,68.18181818181817,-82.6
M Theekshana,Middle,12,2,10,0,16.666666666666664,-106.23
M Tiwari,Death,10,20,2,3,200.0,49.22
M Tiwari,Middle,2,1,1,0,50.0,-72.89
M Vijay,Death,72,125,22,16,173.61111111111111,22.83
M Vijay,Middle,720,920,248,100,127.77777777777777,4.88
M Vijay,Powerplay,1416,1574,717,222,111.15819209039547,-11.05
M Vohra,Death,28,62,9,11,221.42857142857144,70.65
M Vohra,Middle,269,330,102,36,122.67657992565056,-0.22
M Vohra,Powerplay,566,691,282,100,122.08480565371025,-0.12
M de Lange,Death,2,1,1,0,50.0,-100.78
MA Agarwal,Death,124,252,23,36,203.2258064516129,52.44
MA Agarwal,Middle,815,1094,246,127,134.23312883435582,11.34
MA Agarwal,Powerplay,1207,1418,583,212,117.48135874067938,-4.72
MA Khote,Death,15,18,8,3,120.0,-30.78
MA Khote,Middle,7,6,2,0,85.71428571428571,-37.18
MA Starc,Death,87,74,38,7,85.0574712643678,-65.72
MA Starc,Middle,35,37,15,4,105.71428571428572,-17.18
MA Wood,Death,10,12,6,2,120.0,-30.78
MC Henriques,Death,204,335,53,42,164.2156862745098,13.43
MC Henriques,Middle,453,504,172,53,111.25827814569536,-11.64
MC Henriques,Powerplay,144,161,59,20,111.80555555555556,-10.4
MC Juneja,Death,16,17,7,2,106.25,-44.53
MC Juneja,Middle,100,88,39,7,88.0,-34.89
MC Juneja,Powerplay,18,20,8,3,111.11111111111111,-11.09
MD Choudhary,Death,79,115,34,15,145.56962025316454,-5.21
MD Choudhary,Middle,43,55,16,8,127.90697674418605,5.01
MD Mishra,Death,19,27,5,3,142.10526315789474,-8.68
MD Mishra,Middle,66,81,24,9,122.72727272727273,-0.17
MD Mishra,Powerplay,128,129,73,20,100.78125,-21.42
MD Shanaka,Death,27,32,11,4,118.5185185185185,-32.26
MD Shanaka,Middle,46,57,20,6,123.91304347826086,1.02
MD Shanaka,Powerplay,1,0,1,0,0.0,-122.21
MDKJ Perera,Powerplay,13,14,8,3,107.6923076923077,-14.51
MEK Hussey,Death,138,261,29,37,189.1304347826087,38.35
MEK Hussey,Middle,719,888,205,92,123.50486787204451,0.61
MEK Hussey,Powerplay,791,828,409,121,104.67762326169405,-17.53
MF Maharoof,Death,90,135,31,16,150.0,-0.78
MF Maharoof,Middle,34,42,13,5,123.52941176470588,0.64
MG Bracewell,Death,14,13,3,0,92.85714285714286,-57.92
MG Bracewell,Middle,33,43,14,7,130.3030303030303,7.41
MG Bracewell,Powerplay,2,2,0,0,100.0,-22.21
MG Johnson,Death,147,157,65,16,106.80272108843538,-43.98
MG Johnson,Middle,21,10,15,1,47.61904761904761,-75.27
MJ Clarke,Middle,32,22,14,1,68.75,-54.14
MJ Clarke,Powerplay,64,76,29,11,118.75,-3.46
MJ Guptill,Middle,40,52,16,6,130.0,7.11
MJ Guptill,Powerplay,157,219,72,33,139.4904458598726,17.28
MJ Henry,Death,5,2,3,0,40.0,-110.78
MJ Henry,Middle,5,5,3,1,100.0,-22.89
MJ Lumb,Middle,41,53,19,9,129.26829268292684,6.37
MJ Lumb,Powerplay,157,225,77,42,143.312101910828,21.11
MJ McClenaghan,Death,52,56,29,8,107.6923076923077,-43.09
MJ McClenaghan,Middle,20,29,9,4,145.0,22.11
MJ McClenaghan,Powerplay,1,0,1,0,0.0,-122.21
MJ Owen,Powerplay,2,0,2,0,0.0,-122.21
MJ Santner,Death,73,94,28,11,128.76712328767124,-22.01
MJ Santner,Middle,32,22,13,1,68.75,-54.14
MJ Santner,Powerplay,27,20,18,3,74.07407407407408,-48.13
MJ Suthar,Death,2,1,1,0,50.0,-100.78
MK Lomror,Death,153,230,52,31,150.32679738562092,-0.45
MK Lomror,Middle,198,266,61,28,134.34343434343435,11.45
MK Lomror,Powerplay,38,31,23,4,81.57894736842105,-40.63
MK Pandey,Death,494,713,140,80,144.33198380566802,-6.45
MK Pandey,Middle,1864,2146,609,210,115.12875536480686,-7.76
MK Pandey,Powerplay,1048,1162,537,176,110.87786259541986,-11.33
MK Tiwary,Death,426,597,127,73,140.14084507042253,-10.64
MK Tiwary,Middle,831,874,319,93,105.17448856799037,-17.72
MK Tiwary,Powerplay,232,224,125,30,96.55172413793103,-25.65
ML Hayden,Death,53,96,15,14,181.13207547169813,30.35
ML Hayden,Middle,304,412,102,50,135.5263157894737,12.63
ML Hayden,Powerplay,482,599,250,101,124.27385892116183,2.07
MM Ali,Death,167,279,61,41,167.06586826347305,16.29
MM Ali,Middle,500,655,183,81,131.0,8.11
MM Ali,Powerplay,198,233,113,40,117.67676767676767,-4.53
MM Patel,Death,38,39,15,5,102.63157894736842,-48.15
MM Patel,Middle,3,0,3,0,0.0,-122.89
MM Sharma,Death,91,89,44,9,97.8021978021978,-52.98
MM Sharma,Middle,49,36,27,4,73.46938775510205,-49.42
MN Samuels,Death,17,25,3,2,147.05882352941177,-3.72
MN Samuels,Middle,131,127,63,13,96.94656488549617,-25.95
MN Samuels,Powerplay,26,9,20,1,34.61538461538461,-87.59
MN van Wyk,Death,43,66,10,8,153.48837209302326,2.71
MN van Wyk,Middle,65,73,18,7,112.3076923076923,-10.59
MN van Wyk,Powerplay,27,28,16,5,103.7037037037037,-18.5
MP Breetzke,Powerplay,12,14,7,2,116.66666666666667,-5.54
MP Stoinis,Death,575,980,179,139,170.43478260869566,19.65
MP Stoinis,Middle,752,944,265,106,125.53191489361701,2.64
MP Stoinis,Powerplay,261,318,138,53,121.83908045977012,-0.37
MP Yadav,Death,6,5,4,1,83.33333333333334,-67.45
MR Marsh,Death,163,240,64,33,147.23926380368098,-3.54
MR Marsh,Middle,578,776,202,98,134.2560553633218,11.36
MR Marsh,Powerplay,550,839,246,135,152.54545454545453,30.34
MS Bhandage,Middle,4,1,3,0,25.0,-97.89
MS Bisla,Death,33,52,13,9,157.57575757575756,6.79
MS Bisla,Middle,244,272,95,26,111.47540983606557,-11.42
MS Bisla,Powerplay,460,474,267,81,103.04347826086956,-19.16
MS Dhoni,Death,2083,3468,640,460,166.49063850216035,15.71
MS Dhoni,Middle,1940,1912,790,169,98.55670103092784,-24.34
MS Dhoni,Powerplay,78,59,51,10,75.64102564102564,-46.56
MS Gony,Death,59,88,28,13,149.15254237288136,-1.63
MS Gony,Middle,17,11,11,1,64.70588235294117,-58.19
MS Wade,Middle,82,70,33,4,85.36585365853658,-37.53
MS Wade,Powerplay,103,113,60,21,109.70873786407766,-12.5
MV Boucher,Death,152,235,44,29,154.60526315789474,3.82
MV Boucher,Middle,142,137,59,13,96.47887323943662,-26.41
MV Boucher,Powerplay,24,22,13,3,91.66666666666666,-30.54
MW Short,Death,1,0,1,0,0.0,-150.78
MW Short,Middle,41,39,12,2,95.1219512195122,-27.77
MW Short,Powerplay,111,138,61,24,124.32432432432432,2.12
Mandeep Singh,Death,280,410,73,46,146.42857142857142,-4.35
Mandeep Singh,Middle,569,663,189,66,116.52021089630931,-6.37
Mandeep Singh,Powerplay,569,633,293,102,111.24780316344464,-10.96
Mashrafe Mortaza,Death,2,2,1,0,100.0,-50.78
Mayank Dagar,Death,1,0,1,0,0.0,-150.78
Misbah-ul-Haq,Death,20,42,6,6,210.0,59.22
Misbah-ul-Haq,Middle,43,48,16,5,111.62790697674419,-11.27
Misbah-ul-Haq,Powerplay,19,27,9,5,142.10526315789474,19.9
Mohammad Ashraful,Powerplay,12,2,10,0,16.666666666666664,-105.54
Mohammad Asif,Death,3,1,2,0,33.33333333333333,-117.45
Mohammad Asif,Middle,3,2,1,0,66.66666666666666,-56.23
Mohammad Hafeez,Death,9,10,5,2,111.11111111111111,-39.67
Mohammad Hafeez,Middle,38,26,20,2,68.42105263157895,-54.47
Mohammad Hafeez,Powerplay,37,28,26,5,75.67567567567568,-46.53
Mohammad Nabi,Death,92,129,40,20,140.2173913043478,-10.56
Mohammad Nabi,Middle,50,66,14,6,132.0,9.11
Mohammad Nabi,Powerplay,15,26,6,4,173.33333333333334,51.13
Mohammed Shami,Death,100,99,51,12,99.0,-51.78
Mohammed Shami,Middle,16,16,8,2,100.0,-22.89
Mohammed Siraj,Death,134,112,78,14,83.5820895522388,-67.2
Mohammed Siraj,Middle,10,5,8,1,50.0,-72.89
Mohit Rathee,Death,2,1,1,0,50.0,-100.78
Mohsin Khan,Death,28,24,17,3,85.71428571428571,-65.07
Mohsin Khan,Middle,3,1,2,0,33.33333333333333,-89.56
Mujeeb Ur Rahman,Death,12,11,7,2,91.66666666666666,-59.11
Mujeeb Ur Rahman,Middle,3,1,2,0,33.33333333333333,-89.56
Mukesh Choudhary,Death,2,2,0,0,100.0,-50.78
Mukesh Choudhary,Middle,6,6,4,1,100.0,-22.89
Mukesh Kumar,Death,20,10,10,0,50.0,-100.78
Musheer Khan,Middle,3,0,3,0,0.0,-122.89
Mustafizur Rahman,Death,24,13,16,1,54.166666666666664,-96.61
N Burger,Death,9,14,2,1,155.55555555555557,4.77
N Jagadeesan,Death,16,11,6,0,68.75,-82.03
N Jagadeesan,Middle,75,87,30,12,115.99999999999999,-6.89
N Jagadeesan,Powerplay,64,64,37,11,100.0,-22.21
N Pooran,Death,529,879,189,123,166.16257088846882,15.38
N Pooran,Middle,939,1420,356,195,151.22470713525027,28.33
N Pooran,Powerplay,161,228,86,37,141.61490683229815,19.41
N Rana,Death,260,446,93,69,171.53846153846152,20.76
N Rana,Middle,1363,1827,482,233,134.04255319148936,11.15
N Rana,Powerplay,691,805,384,137,116.49782923299566,-5.71
N Saini,Death,8,7,5,1,87.5,-63.28
N Saini,Middle,49,53,17,5,108.16326530612245,-14.73
N Saini,Powerplay,86,80,46,10,93.02325581395348,-29.18
N Sindhu,Middle,27,34,10,3,125.92592592592592,3.03
N Sindhu,Powerplay,24,29,13,6,120.83333333333333,-1.37
N Wadhera,Death,93,154,36,23,165.59139784946237,14.81
N Wadhera,Middle,439,577,171,77,131.43507972665148,8.54
N Wadhera,Powerplay,51,53,27,7,103.921568627451,-18.28
NA Saini,Death,25,26,10,3,104.0,-46.78
NA Saini,Middle,10,5,5,0,50.0,-72.89
NA Saini,Powerplay,1,0,1,0,0.0,-122.21
ND Doshi,Death,13,0,13,0,0.0,-150.78
NJ Maddinson,Powerplay,21,20,15,4,95.23809523809523,-26.97
NJ Rimmington,Death,1,1,0,0,100.0,-50.78
NL McCullum,Death,18,20,6,1,111.11111111111111,-39.67
NL McCullum,Middle,5,6,2,0,120.0,-2.89
NLTC Perera,Death,189,267,70,31,141.26984126984127,-9.51
NLTC Perera,Middle,119,137,49,14,115.12605042016806,-7.77
NLTC Perera,Powerplay,18,20,10,4,111.11111111111111,-11.09
NM Coulter-Nile,Death,59,73,26,9,123.72881355932203,-27.05
NM Coulter-Nile,Middle,16,9,13,2,56.25,-66.64
NS Naik,Death,22,13,11,0,59.09090909090909,-91.69
NS Naik,Middle,14,11,7,1,78.57142857142857,-44.32
NS Naik,Powerplay,17,7,13,1,41.17647058823529,-81.03
NT Ellis,Death,19,19,7,1,100.0,-50.78
NT Ellis,Middle,7,0,7,0,0.0,-122.89
NV Ojha,Death,308,411,126,51,133.44155844155844,-17.34
NV Ojha,Middle,549,649,217,70,118.21493624772313,-4.68
NV Ojha,Powerplay,503,494,305,79,98.2107355864811,-23.99
Naman Dhir,Death,159,296,43,45,186.16352201257862,35.38
Naman Dhir,Middle,166,249,43,32,150.0,27.11
Naman Dhir,Powerplay,119,165,58,27,138.65546218487395,16.45
Navdeep Saini,Death,2,2,1,0,100.0,-50.78
Naveen-ul-Haq,Death,21,17,12,2,80.95238095238095,-69.83
Naveen-ul-Haq,Middle,5,1,4,0,20.0,-102.89
Niraj Patel,Death,23,37,6,4,160.8695652173913,10.09
Niraj Patel,Middle,42,39,16,3,92.85714285714286,-30.04
Niraj Patel,Powerplay,59,45,39,8,76.27118644067797,-45.93
Nithish Kumar Reddy,Death,129,236,39,32,182.9457364341085,32.16
Nithish Kumar Reddy,Middle,348,476,111,57,136.7816091954023,13.89
Nithish Kumar Reddy,Powerplay,89,75,47,7,84.26966292134831,-37.94
Noor Ahmad,Death,42,28,27,3,66.66666666666666,-84.11
Noor Ahmad,Middle,17,3,14,0,17.647058823529413,-105.25
OA Shah,Death,179,269,52,33,150.27932960893855,-0.5
OA Shah,Middle,208,214,87,21,102.88461538461537,-20.01
OA Shah,Powerplay,18,23,10,3,127.77777777777777,5.57
OC McCoy,Death,5,8,2,1,160.0,9.22
OF Smith,Death,40,48,22,6,120.0,-30.78
OF Smith,Middle,10,3,7,0,30.0,-92.89
P Awana,Death,14,5,9,0,35.714285714285715,-115.07
P Chopra,Middle,6,8,4,2,133.33333333333331,10.44
P Dogra,Death,64,73,23,6,114.0625,-36.72
P Dogra,Middle,77,54,40,3,70.12987012987013,-52.76
P Dubey,Death,17,10,8,0,58.82352941176471,-91.96
P Dubey,Middle,16,13,9,2,81.25,-41.64
P Kumar,Death,268,294,121,32,109.70149253731343,-41.08
P Kumar,Middle,47,40,31,6,85.1063829787234,-37.79
P Kumar,Powerplay,8,6,6,1,75.0,-47.21
P Negi,Death,191,257,68,30,134.55497382198953,-16.23
P Negi,Middle,104,104,51,12,100.0,-22.89
P Negi,Powerplay,6,4,5,1,66.66666666666666,-55.54
P Nissanka,Middle,37,43,11,4,116.21621621621621,-6.68
P Nissanka,Powerplay,143,235,60,41,164.33566433566432,42.13
P Parameswaran,Death,3,1,2,0,33.33333333333333,-117.45
P Ray Barman,Death,1,0,1,0,0.0,-150.78
P Ray Barman,Middle,24,19,11,2,79.16666666666666,-43.73
P Sahu,Death,13,19,4,2,146.15384615384613,-4.63
P Simran Singh,Death,45,79,16,12,175.55555555555554,24.77
P Simran Singh,Middle,406,634,121,84,156.1576354679803,33.26
P Simran Singh,Powerplay,769,1152,341,194,149.80494148244475,27.6
PA Patel,Death,72,95,22,11,131.94444444444443,-18.84
PA Patel,Middle,740,849,241,89,114.72972972972973,-8.16
PA Patel,Powerplay,1630,1904,818,314,116.80981595092024,-5.4
PA Reddy,Death,5,15,1,3,300.0,149.22
PA Reddy,Middle,52,46,17,3,88.46153846153845,-34.43
PA Reddy,Powerplay,110,103,54,11,93.63636363636364,-28.57
PBB Rajapaksa,Death,8,6,3,0,75.0,-75.78
PBB Rajapaksa,Middle,141,194,51,24,137.5886524822695,14.7
PBB Rajapaksa,Powerplay,52,77,26,13,148.0769230769231,25.87
PC Valthaty,Death,22,46,5,8,209.0909090909091,58.31
PC Valthaty,Middle,120,147,51,18,122.50000000000001,-0.39
PC Valthaty,Powerplay,290,312,174,55,107.58620689655172,-14.62
PD Collingwood,Death,45,81,14,10,180.0,29.22
PD Collingwood,Middle,95,96,37,8,101.05263157894737,-21.84
PD Collingwood,Powerplay,19,26,9,4,136.8421052631579,14.64
PD Salt,Death,19,35,6,6,184.21052631578948,33.43
PD Salt,Middle,219,383,61,55,174.88584474885843,51.99
PD Salt,Powerplay,508,840,216,144,165.35433070866142,43.15
PHKD Mendis,Death,26,26,8,1,100.0,-50.78
PHKD Mendis,Middle,37,61,11,8,164.86486486486487,41.97
PHKD Mendis,Powerplay,9,5,6,0,55.55555555555556,-66.65
PJ Cummins,Death,292,461,108,58,157.87671232876713,7.1
PJ Cummins,Middle,144,181,69,26,125.69444444444444,2.8
PJ Cummins,Powerplay,1,0,1,0,0.0,-122.21
PJ Sangwan,Death,37,22,21,1,59.45945945945946,-91.32
PJ Sangwan,Middle,10,4,6,0,40.0,-82.89
PK Garg,Death,41,65,13,9,158.53658536585365,7.76
PK Garg,Middle,154,157,53,11,101.94805194805194,-20.95
PK Garg,Powerplay,52,51,28,5,98.07692307692307,-24.13
PM Sarvesh Kumar,Death,2,1,1,0,50.0,-100.78
PN Mankad,Death,11,18,4,3,163.63636363636365,12.86
PN Mankad,Middle,26,34,7,4,130.76923076923077,7.88
PN Mankad,Powerplay,38,45,21,8,118.42105263157893,-3.78
PP Chawla,Death,387,453,166,58,117.05426356589147,-33.73
PP Chawla,Middle,180,156,89,15,86.66666666666667,-36.23
PP Chawla,Powerplay,13,15,8,3,115.38461538461537,-6.82
PP Hinge,Death,1,0,1,0,0.0,-150.78
PP Hinge,Middle,8,3,6,0,37.5,-85.39
PP Ojha,Death,43,16,28,0,37.2093023255814,-113.57
PP Ojha,Middle,2,0,2,0,0.0,-122.89
PP Shaw,Death,22,30,9,5,136.36363636363635,-14.42
PP Shaw,Middle,353,515,97,64,145.89235127478756,23.0
PP Shaw,Powerplay,946,1347,416,230,142.38900634249472,20.18
PR Shah,Death,24,27,10,3,112.5,-38.28
PR Shah,Middle,39,35,20,5,89.74358974358975,-33.15
PR Shah,Powerplay,34,30,20,3,88.23529411764706,-33.97
PR Veer,Death,44,47,22,6,106.81818181818181,-43.96
PR Veer,Middle,28,43,8,7,153.57142857142858,30.68
PSP Handscomb,Middle,12,6,6,0,50.0,-72.89
PV Tambe,Death,30,12,18,0,40.0,-110.78
PV Tambe,Middle,9,6,6,1,66.66666666666666,-56.23
PVD Chameera,Death,48,52,23,6,108.33333333333333,-42.45
PVD Chameera,Middle,1,1,0,0,100.0,-22.89
PVSN Raju,Death,1,1,0,0,100.0,-50.78
PWA Mulder,Death,10,9,4,1,90.0,-60.78
PWA Mulder,Middle,2,0,2,0,0.0,-122.89
PWH de Silva,Death,57,56,27,6,98.24561403508771,-52.54
PWH de Silva,Middle,38,25,21,2,65.78947368421053,-57.1
Pankaj Singh,Death,12,7,6,0,58.333333333333336,-92.45
Parvez Rasool,Death,20,17,7,1,85.0,-65.78
Prince Yadav,Death,12,5,7,0,41.66666666666667,-109.11
Priyansh Arya,Middle,118,231,33,34,195.76271186440678,72.87
Priyansh Arya,Powerplay,373,678,152,116,181.76943699731905,59.56
Q de Kock,Death,123,240,27,37,195.1219512195122,44.34
Q de Kock,Middle,945,1238,289,142,131.005291005291,8.11
Q de Kock,Powerplay,1550,1966,734,298,126.83870967741935,4.63
R Ashwin,Death,373,476,128,55,127.61394101876675,-23.17
R Ashwin,Middle,282,279,108,24,98.93617021276596,-23.96
R Ashwin,Powerplay,73,78,44,14,106.84931506849315,-15.36
R Bhatia,Death,177,251,59,31,141.80790960451978,-8.97
R Bhatia,Middle,113,91,51,6,80.53097345132744,-42.36
R Bishnoi,Death,2,1,1,0,50.0,-100.78
R Bishnoi,Middle,1,0,1,0,0.0,-122.89
R Bishnoi,Powerplay,14,18,9,3,128.57142857142858,6.37
R Dhawan,Death,133,168,52,19,126.3157894736842,-24.47
R Dhawan,Middle,55,42,33,6,76.36363636363637,-46.53
R Dravid,Death,120,200,41,30,166.66666666666669,15.89
R Dravid,Middle,943,1069,308,112,113.36161187698835,-9.53
R Dravid,Powerplay,855,905,470,155,105.84795321637428,-16.36
R McLaren,Death,61,69,22,8,113.11475409836065,-37.67
R McLaren,Middle,98,78,43,6,79.59183673469387,-43.3
R McLaren,Powerplay,19,12,11,1,63.1578947368421,-59.05
R Minz,Death,4,6,1,1,150.0,-0.78
R Minz,Middle,16,6,11,0,37.5,-85.39
R Ninan,Death,6,3,3,0,50.0,-100.78
R Parag,Death,374,571,139,78,152.67379679144386,1.89
R Parag,Middle,841,1117,291,132,132.8180737217598,9.92
R Parag,Powerplay,144,191,80,34,132.63888888888889,10.43
R Powell,Death,174,306,68,47,175.86206896551724,25.08
R Powell,Middle,222,234,103,27,105.40540540540539,-17.49
R Powell,Powerplay,13,15,6,2,115.38461538461537,-6.82
R Rampaul,Death,36,36,19,4,100.0,-50.78
R Rampaul,Middle,16,15,7,1,93.75,-29.14
R Ravindra,Death,9,24,0,3,266.66666666666663,115.89
R Ravindra,Middle,79,114,18,11,144.30379746835442,21.41
R Ravindra,Powerplay,210,275,89,42,130.95238095238096,8.75
R Sai Kishore,Death,16,18,8,2,112.5,-38.28
R Sanjay Yadav,Death,2,0,2,0,0.0,-150.78
R Sathish,Death,122,164,39,19,134.4262295081967,-16.35
R Sathish,Middle,107,106,46,9,99.06542056074767,-23.83
R Sathish,Powerplay,7,0,7,0,0.0,-122.21
R Sharma,Death,75,65,47,8,86.66666666666667,-64.11
R Sharma,Middle,2,1,1,0,50.0,-72.89
R Shepherd,Death,109,195,45,32,178.89908256880733,28.12
R Shepherd,Middle,52,73,20,8,140.3846153846154,17.49
R Shukla,Death,22,18,10,2,81.81818181818183,-68.96
R Shukla,Middle,1,1,0,0,100.0,-22.89
R Smaran,Death,2,5,0,1,250.0,99.22
R Smaran,Middle,4,4,3,1,100.0,-22.89
R Smaran,Powerplay,19,10,12,1,52.63157894736842,-69.57
R Tewatia,Death,586,905,213,130,154.4368600682594,3.66
R Tewatia,Middle,399,391,171,41,97.99498746867168,-24.9
R Tewatia,Powerplay,9,6,6,1,66.66666666666666,-55.54
R Vinay Kumar,Death,239,262,100,26,109.62343096234311,-41.16
R Vinay Kumar,Middle,50,48,18,4,96.0,-26.89
RA Bawa,Death,18,24,6,1,133.33333333333331,-17.45
RA Bawa,Middle,13,11,6,1,84.61538461538461,-38.28
RA Bawa,Powerplay,1,0,1,0,0.0,-122.21
RA Jadeja,Death,1346,1922,397,224,142.7934621099554,-7.99
RA Jadeja,Middle,1359,1447,515,134,106.47534952170714,-16.42
RA Jadeja,Powerplay,111,157,52,28,141.44144144144144,19.24
RA Tripathi,Death,155,219,58,28,141.29032258064515,-9.49
RA Tripathi,Middle,803,1059,247,121,131.88044831880447,8.99
RA Tripathi,Powerplay,749,1013,344,165,135.24699599465956,13.04
RD Chahar,Death,111,125,57,18,112.61261261261262,-38.17
RD Chahar,Middle,16,4,13,0,25.0,-97.89
RD Gaikwad,Death,176,296,49,41,168.1818181818182,17.4
RD Gaikwad,Middle,852,1149,231,120,134.85915492957747,11.97
RD Gaikwad,Powerplay,1126,1394,511,206,123.80106571936057,1.6
RD Rickelton,Death,14,24,2,3,171.42857142857142,20.65
RD Rickelton,Middle,149,258,49,37,173.15436241610738,50.26
RD Rickelton,Powerplay,350,554,156,93,158.2857142857143,36.08
RE Levi,Middle,16,21,8,3,131.25,8.36
RE Levi,Powerplay,58,62,33,11,106.89655172413792,-15.31
RE van der Merwe,Death,47,53,18,6,112.7659574468085,-38.01
RE van der Merwe,Middle,60,70,26,8,116.66666666666667,-6.23
RE van der Merwe,Powerplay,37,36,22,5,97.2972972972973,-24.91
RG More,Death,2,2,0,0,100.0,-50.78
RG Sharma,Death,876,1527,260,220,174.31506849315068,23.53
RG Sharma,Middle,2689,3238,899,363,120.41651171439196,-2.48
RG Sharma,Powerplay,2094,2566,1070,402,122.54059216809934,0.33
RJ Gleeson,Death,2,2,1,0,100.0,-50.78
RJ Harris,Death,87,97,36,8,111.49425287356323,-39.29
RJ Harris,Middle,25,20,10,1,80.0,-42.89
RJ Peterson,Death,18,19,10,3,105.55555555555556,-45.23
RJ Peterson,Middle,14,13,5,1,92.85714285714286,-30.04
RJ Quiney,Death,3,1,2,0,33.33333333333333,-117.45
RJ Quiney,Middle,28,37,10,5,132.14285714285714,9.25
RJ Quiney,Powerplay,74,65,45,10,87.83783783783784,-34.37
RJW Topley,Death,6,3,3,0,50.0,-100.78
RK Bhui,Death,1,0,1,0,0.0,-150.78
RK Bhui,Middle,19,10,11,0,52.63157894736842,-70.26
RK Bhui,Powerplay,7,0,7,0,0.0,-122.21
RK Singh,Death,449,791,154,120,176.16926503340758,25.39
RK Singh,Middle,527,567,191,55,107.59013282732448,-15.3
RK Singh,Powerplay,29,40,14,7,137.93103448275863,15.73
RM Patidar,Death,133,267,47,42,200.7518796992481,49.97
RM Patidar,Middle,682,1102,194,136,161.58357771260995,38.69
RM Patidar,Powerplay,220,243,106,38,110.45454545454545,-11.75
RN ten Doeschate,Death,142,212,46,28,149.29577464788733,-1.49
RN ten Doeschate,Middle,89,108,30,12,121.34831460674158,-1.55
RN ten Doeschate,Powerplay,7,6,4,1,85.71428571428571,-36.49
RP Meredith,Death,3,0,3,0,0.0,-150.78
RP Singh,Death,72,50,37,3,69.44444444444444,-81.34
RP Singh,Middle,6,2,4,0,33.33333333333333,-89.56
RR Bhatkal,Death,2,0,2,0,0.0,-150.78
RR Pant,Death,570,1095,187,171,192.10526315789474,41.32
RR Pant,Middle,1736,2294,586,285,132.14285714285714,9.25
RR Pant,Powerplay,433,490,221,76,113.16397228637413,-9.04
RR Powar,Death,60,67,23,7,111.66666666666667,-39.11
RR Powar,Middle,4,0,4,0,0.0,-122.89
RR Raje,Death,18,20,6,2,111.11111111111111,-39.67
RR Rossouw,Death,42,82,9,11,195.23809523809524,44.46
RR Rossouw,Middle,178,252,68,32,141.57303370786516,18.68
RR Rossouw,Powerplay,101,139,52,27,137.6237623762376,15.42
RR Sarwan,Middle,35,28,13,0,80.0,-42.89
RR Sarwan,Powerplay,43,45,21,7,104.65116279069768,-17.55
RS Bopara,Death,106,179,25,21,168.86792452830187,18.09
RS Bopara,Middle,209,222,69,20,106.22009569377991,-16.67
RS Bopara,Powerplay,153,130,81,14,84.9673202614379,-37.24
RS Gavaskar,Middle,8,2,6,0,25.0,-97.89
RS Sodhi,Death,2,4,1,1,200.0,49.22
RT Ponting,Middle,54,46,24,4,85.18518518518519,-37.71
RT Ponting,Powerplay,75,45,45,3,60.0,-62.21
RV Gomez,Death,45,50,19,6,111.11111111111111,-39.67
RV Gomez,Middle,7,0,7,0,0.0,-122.89
RV Gomez,Powerplay,1,0,1,0,0.0,-122.21
RV Patel,Death,44,52,11,5,118.18181818181819,-32.6
RV Patel,Middle,32,28,18,3,87.5,-35.39
RV Uthappa,Death,343,567,107,75,165.3061224489796,14.53
RV Uthappa,Middle,1887,2350,685,277,124.53630100688923,1.64
RV Uthappa,Powerplay,1697,2037,806,311,120.03535651149086,-2.17
Rahmanullah Gurbaz,Death,1,0,1,0,0.0,-150.78
Rahmanullah Gurbaz,Middle,75,111,28,15,148.0,25.11
Rahmanullah Gurbaz,Powerplay,207,252,117,41,121.73913043478262,-0.47
Ramandeep Singh,Death,94,172,29,24,182.9787234042553,32.2
Ramandeep Singh,Middle,114,125,45,12,109.64912280701755,-13.24
Ramandeep Singh,Powerplay,4,2,2,0,50.0,-72.21
Rashid Khan,Death,345,534,147,77,154.78260869565216,4.0
Rashid Khan,Middle,87,101,40,11,116.0919540229885,-6.8
Rasikh Salam,Death,28,32,13,4,114.28571428571428,-36.5
Rasikh Salam,Middle,15,11,7,1,73.33333333333333,-49.56
Ravi Bishnoi,Death,53,36,37,4,67.9245283018868,-82.86
Ravi Bishnoi,Middle,18,9,9,0,50.0,-72.89
Ravi Singh,Middle,2,4,1,1,200.0,77.11
S Anirudha,Death,56,76,21,8,135.71428571428572,-15.07
S Anirudha,Middle,35,34,14,3,97.14285714285714,-25.75
S Anirudha,Powerplay,30,26,19,5,86.66666666666667,-35.54
S Aravind,Death,47,49,20,6,104.25531914893618,-46.53
S Aravind,Middle,12,10,6,1,83.33333333333334,-39.56
S Arora,Death,52,88,19,13,169.23076923076923,18.45
S Arora,Middle,28,31,14,5,110.71428571428572,-12.18
S Arora,Powerplay,1,2,0,0,200.0,77.79
S Badree,Death,16,8,9,0,50.0,-100.78
S Badree,Middle,9,5,5,0,55.55555555555556,-67.34
S Badrinath,Death,283,422,73,54,149.11660777385157,-1.66
S Badrinath,Middle,716,837,258,100,116.89944134078212,-5.99
S Badrinath,Powerplay,246,182,162,28,73.98373983739837,-48.22
S Chanderpaul,Powerplay,33,25,20,4,75.75757575757575,-46.45
S Dhawan,Death,429,668,124,91,155.7109557109557,4.93
S Dhawan,Middle,2192,2686,683,299,122.53649635036497,-0.36
S Dhawan,Powerplay,2862,3415,1329,531,119.32215234102026,-2.88
S Dube,Death,498,764,190,104,153.41365461847388,2.63
S Dube,Middle,1009,1328,376,161,131.61546085232905,8.72
S Dube,Powerplay,48,37,28,4,77.08333333333334,-45.12
S Gopal,Death,108,135,37,17,125.0,-25.78
S Gopal,Middle,61,45,30,4,73.77049180327869,-49.12
S Gopal,Powerplay,4,0,4,0,0.0,-122.21
S Kaul,Death,36,20,23,1,55.55555555555556,-95.23
S Kaushik,Death,1,0,1,0,0.0,-150.78
S Ladda,Death,3,0,3,0,0.0,-150.78
S Ladda,Middle,7,0,7,0,0.0,-122.89
S Lamichhane,Death,1,0,1,0,0.0,-150.78
S Nadeem,Death,66,30,45,2,45.45454545454545,-105.33
S Nadeem,Middle,22,9,13,0,40.909090909090914,-81.98
S Narwal,Death,19,25,7,4,131.57894736842107,-19.2
S Narwal,Middle,10,12,5,2,120.0,-2.89
S Rana,Death,50,68,12,7,136.0,-14.78
S Rana,Middle,9,3,6,0,33.33333333333333,-89.56
S Rana,Powerplay,23,20,15,3,86.95652173913044,-35.25
S Randiv,Death,4,2,3,0,50.0,-100.78
S Sohal,Death,9,4,6,0,44.44444444444444,-106.34
S Sohal,Middle,64,85,22,11,132.8125,9.92
S Sohal,Powerplay,238,279,130,41,117.22689075630252,-4.98
S Sreesanth,Death,57,34,43,6,59.64912280701754,-91.13
S Sriram,Middle,26,18,13,1,69.23076923076923,-53.66
S Sriram,Powerplay,12,13,5,2,108.33333333333333,-13.87
S Tyagi,Death,4,3,1,0,75.0,-75.78
S Vidyut,Death,3,0,3,0,0.0,-150.78
S Vidyut,Middle,31,42,12,6,135.48387096774192,12.59
S Vidyut,Powerplay,81,103,40,18,127.16049382716051,4.95
SA Abbott,Death,15,22,7,3,146.66666666666666,-4.11
SA Abbott,Middle,3,0,3,0,0.0,-122.89
SA Asnodkar,Middle,136,145,55,19,106.61764705882352,-16.28
SA Asnodkar,Powerplay,216,278,109,47,128.7037037037037,6.5
SA Yadav,Death,478,834,161,130,174.47698744769875,23.7
SA Yadav,Middle,1931,2730,599,357,141.37752459865354,18.48
SA Yadav,Powerplay,745,1017,353,173,136.51006711409397,14.3
SB Bangar,Death,23,32,9,4,139.1304347826087,-11.65
SB Bangar,Middle,35,17,19,0,48.57142857142857,-74.32
SB Dubey,Death,92,151,28,20,164.1304347826087,13.35
SB Dubey,Middle,50,55,21,7,110.00000000000001,-12.89
SB Dubey,Powerplay,6,14,3,3,233.33333333333334,111.13
SB Jakati,Death,30,28,12,3,93.33333333333333,-57.45
SB Joshi,Death,2,0,2,0,0.0,-150.78
SB Joshi,Middle,14,6,8,0,42.857142857142854,-80.04
SB Styris,Death,28,40,8,5,142.85714285714286,-7.92
SB Styris,Middle,93,83,40,8,89.24731182795699,-33.65
SB Styris,Powerplay,13,8,5,0,61.53846153846154,-60.67
SB Wagh,Death,3,2,2,0,66.66666666666666,-84.11
SC Ganguly,Death,109,190,37,25,174.3119266055046,23.53
SC Ganguly,Middle,677,630,318,69,93.0576070901034,-29.84
SC Ganguly,Powerplay,540,529,307,85,97.96296296296296,-24.24
SD Chitnis,Death,38,43,12,4,113.1578947368421,-37.62
SD Chitnis,Middle,48,55,21,8,114.58333333333333,-8.31
SD Chitnis,Powerplay,6,1,5,0,16.666666666666664,-105.54
SD Hope,Death,10,11,4,1,110.00000000000001,-40.78
SD Hope,Middle,54,94,12,10,174.07407407407408,51.18
SD Hope,Powerplay,61,78,32,13,127.86885245901641,5.66
SD Lad,Powerplay,13,15,8,2,115.38461538461537,-6.82
SE Bond,Middle,2,1,1,0,50.0,-72.89
SE Marsh,Death,173,262,51,31,151.4450867052023,0.66
SE Marsh,Middle,987,1448,288,190,146.70719351570415,23.81
SE Marsh,Powerplay,753,779,397,126,103.45285524568393,-18.75
SE Rutherford,Death,182,266,76,36,146.15384615384613,-4.63
SE Rutherford,Middle,195,250,80,32,128.2051282051282,5.31
SE Rutherford,Powerplay,16,4,13,0,25.0,-97.21
SH Johnson,Death,9,7,5,1,77.77777777777779,-73.0
SH Johnson,Middle,3,1,2,0,33.33333333333333,-89.56
SJ Srivastava,Death,5,5,1,0,100.0,-50.78
SK Raina,Death,544,899,130,111,165.25735294117646,14.48
SK Raina,Middle,2423,3077,750,346,126.99133305819232,4.1
SK Raina,Powerplay,1210,1560,596,253,128.92561983471074,6.72
SK Rasheed,Middle,3,2,1,0,66.66666666666666,-56.23
SK Rasheed,Powerplay,64,69,37,11,107.8125,-14.39
SK Trivedi,Death,60,42,36,4,70.0,-80.78
SK Trivedi,Middle,1,0,1,0,0.0,-122.89
SK Warne,Death,134,137,58,14,102.23880597014924,-48.54
SK Warne,Middle,85,61,47,6,71.76470588235294,-51.13
SL Malinga,Death,99,86,57,11,86.86868686868688,-63.91
SL Malinga,Middle,4,2,2,0,50.0,-72.89
SM Curran,Death,267,456,90,67,170.78651685393257,20.01
SM Curran,Middle,360,394,127,38,109.44444444444446,-13.45
SM Curran,Powerplay,134,147,66,21,109.70149253731343,-12.5
SM Harwood,Death,14,9,7,0,64.28571428571429,-86.5
SM Katich,Death,16,20,4,1,125.0,-25.78
SM Katich,Middle,65,76,26,9,116.92307692307693,-5.97
SM Katich,Powerplay,110,145,55,24,131.8181818181818,9.61
SM Pollock,Death,44,80,15,13,181.8181818181818,31.04
SM Pollock,Middle,66,66,27,7,100.0,-22.89
SM Pollock,Powerplay,6,1,5,0,16.666666666666664,-105.54
SMSM Senanayake,Death,17,10,8,0,58.82352941176471,-91.96
SN Khan,Death,188,307,53,45,163.29787234042556,12.52
SN Khan,Middle,252,267,96,31,105.95238095238095,-16.94
SN Khan,Powerplay,116,172,54,30,148.27586206896552,26.07
SN Thakur,Death,179,233,71,31,130.16759776536313,-20.61
SN Thakur,Middle,93,116,33,14,124.73118279569893,1.84
SN Thakur,Powerplay,4,0,4,0,0.0,-122.21
SO Hetmyer,Death,599,956,207,125,159.59933222036727,8.82
SO Hetmyer,Middle,438,536,168,59,122.37442922374429,-0.52
SO Hetmyer,Powerplay,73,74,39,11,101.36986301369863,-20.84
SP Fleming,Middle,58,76,22,11,131.0344827586207,8.14
SP Fleming,Powerplay,113,120,64,19,106.19469026548674,-16.01
SP Goswami,Death,23,26,8,2,113.04347826086956,-37.74
SP Goswami,Middle,108,104,43,11,96.29629629629629,-26.6
SP Goswami,Powerplay,176,163,93,22,92.61363636363636,-29.59
SP Jackson,Death,30,34,6,2,113.33333333333333,-37.45
SP Jackson,Middle,18,17,9,2,94.44444444444444,-28.45
SP Jackson,Powerplay,9,10,5,2,111.11111111111111,-11.09
SP Narine,Death,142,160,70,21,112.67605633802818,-38.1
SP Narine,Middle,307,486,136,75,158.30618892508144,35.41
SP Narine,Powerplay,729,1174,372,215,161.04252400548697,38.84
SPD Smith,Death,442,706,117,92,159.72850678733033,8.95
SPD Smith,Middle,1124,1279,347,117,113.79003558718861,-9.1
SPD Smith,Powerplay,433,510,196,77,117.78290993071595,-4.42
SR Dubey,Death,2,4,1,1,200.0,49.22
SR Tendulkar,Death,143,224,44,34,156.64335664335664,5.86
SR Tendulkar,Middle,866,967,302,106,111.66281755196306,-11.23
SR Tendulkar,Powerplay,1035,1143,528,185,110.43478260869566,-11.77
SR Watson,Death,251,453,69,64,180.4780876494024,29.7
SR Watson,Middle,1349,2006,474,277,148.70274277242402,25.81
SR Watson,Powerplay,1292,1421,705,226,109.98452012383902,-12.22
SS Cottrell,Death,2,0,2,0,0.0,-150.78
SS Iyer,Death,465,820,134,114,176.34408602150538,25.56
SS Iyer,Middle,1796,2377,535,265,132.34966592427617,9.46
SS Iyer,Powerplay,950,1036,482,157,109.05263157894738,-13.15
SS Mishra,Death,3,1,2,0,33.33333333333333,-117.45
SS Prabhudessai,Death,23,24,14,3,104.34782608695652,-46.43
SS Prabhudessai,Middle,77,94,34,11,122.07792207792207,-0.82
SS Prabhudessai,Powerplay,13,8,8,1,61.53846153846154,-60.67
SS Shaikh,Middle,7,6,4,1,85.71428571428571,-37.18
SS Tiwary,Death,327,454,93,51,138.83792048929664,-11.94
SS Tiwary,Middle,792,871,296,85,109.97474747474747,-12.92
SS Tiwary,Powerplay,172,169,90,25,98.25581395348837,-23.95
ST Jayasuriya,Middle,170,254,59,35,149.41176470588235,26.52
ST Jayasuriya,Powerplay,403,514,233,88,127.54342431761788,5.34
STR Binny,Death,266,397,77,45,149.24812030075188,-1.53
STR Binny,Middle,409,465,174,53,113.6919315403423,-9.2
STR Binny,Powerplay,25,18,17,3,72.0,-50.21
SU Parakh,Middle,19,22,7,3,115.78947368421053,-7.1
SU Parakh,Powerplay,14,24,7,4,171.42857142857142,49.22
SV Samson,Death,467,852,133,121,182.44111349036402,31.66
SV Samson,Middle,1998,2710,595,295,135.63563563563562,12.74
SV Samson,Powerplay,1305,1619,638,259,124.06130268199233,1.86
SW Billings,Death,71,118,22,14,166.19718309859155,15.42
SW Billings,Middle,228,260,88,26,114.03508771929825,-8.86
SW Billings,Powerplay,100,125,42,20,125.0,2.79
SW Tait,Death,17,13,7,1,76.47058823529412,-74.31
SW Tait,Middle,9,10,4,1,111.11111111111111,-11.78
SZ Mulani,Death,1,1,0,0,100.0,-50.78
Sachin Baby,Death,65,95,24,13,146.15384615384613,-4.63
Sachin Baby,Middle,55,49,23,3,89.0909090909091,-33.8
Sachin Baby,Powerplay,3,0,3,0,0.0,-122.21
Sakib Hussain,Death,7,5,5,1,71.42857142857143,-79.35
Salil Arora,Middle,25,35,9,4,140.0,17.11
Salman Butt,Death,6,16,2,4,266.66666666666663,115.89
Salman Butt,Middle,60,73,21,9,121.66666666666666,-1.23
Salman Butt,Powerplay,106,104,63,19,98.11320754716981,-24.09
Sameer Rizvi,Death,67,131,16,18,195.5223880597015,44.74
Sameer Rizvi,Middle,205,275,79,35,134.14634146341464,11.25
Sameer Rizvi,Powerplay,32,18,24,3,56.25,-65.96
Sandeep Sharma,Death,64,48,28,3,75.0,-75.78
Sandeep Sharma,Middle,15,12,6,1,80.0,-42.89
Sanvir Singh,Death,15,18,4,2,120.0,-30.78
Sanvir Singh,Middle,2,0,2,0,0.0,-122.89
Sanvir Singh,Powerplay,5,7,3,1,140.0,17.79
Saurav Chauhan,Death,14,17,6,2,121.42857142857142,-29.35
Saurav Chauhan,Middle,2,1,1,0,50.0,-72.89
Sediqullah Atal,Middle,16,22,6,2,137.5,14.61
Shahbaz Ahmed,Death,228,315,82,37,138.1578947368421,-12.62
Shahbaz Ahmed,Middle,261,267,100,23,102.29885057471265,-20.59
Shahbaz Ahmed,Powerplay,27,21,14,1,77.77777777777779,-44.43
Shahid Afridi,Death,10,22,4,4,220.00000000000003,69.22
Shahid Afridi,Middle,18,16,10,2,88.88888888888889,-34.0
Shahid Afridi,Powerplay,18,43,6,7,238.88888888888889,116.68
Shakib Al Hasan,Death,252,329,78,39,130.55555555555557,-20.23
Shakib Al Hasan,Middle,375,429,140,49,114.39999999999999,-8.49
Shakib Al Hasan,Powerplay,38,37,21,6,97.36842105263158,-24.84
Shashank Singh,Death,276,512,71,71,185.5072463768116,34.73
Shashank Singh,Middle,284,359,99,41,126.40845070422534,3.52
Shashank Singh,Powerplay,28,34,13,6,121.42857142857142,-0.78
Shivam Mavi,Death,52,48,29,6,92.3076923076923,-58.47
Shivam Mavi,Middle,6,3,3,0,50.0,-72.89
Shivam Sharma,Death,3,5,1,1,166.66666666666669,15.89
Shivam Singh,Death,3,2,1,0,66.66666666666666,-84.11
Shivang Kumar,Death,32,41,15,7,128.125,-22.66
Shivang Kumar,Middle,18,12,8,0,66.66666666666666,-56.23
Shoaib Ahmed,Death,4,0,4,0,0.0,-150.78
Shoaib Ahmed,Middle,2,1,1,0,50.0,-72.89
Shoaib Akhtar,Death,2,0,2,0,0.0,-150.78
Shoaib Akhtar,Middle,6,2,4,0,33.33333333333333,-89.56
Shoaib Malik,Death,7,8,2,1,114.28571428571428,-36.5
Shoaib Malik,Middle,28,27,8,1,96.42857142857143,-26.46
Shoaib Malik,Powerplay,14,17,6,3,121.42857142857142,-0.78
Shubman Gill,Death,324,474,94,57,146.2962962962963,-4.48
Shubman Gill,Middle,1450,2080,369,228,143.44827586206895,20.55
Shubman Gill,Powerplay,1565,2044,651,313,130.6070287539936,8.4
Sikandar Raza,Death,38,47,16,5,123.6842105263158,-27.1
Sikandar Raza,Middle,96,127,39,15,132.29166666666669,9.4
Sikandar Raza,Powerplay,9,8,4,0,88.88888888888889,-33.32
Simarjeet Singh,Death,12,8,5,0,66.66666666666666,-84.11
Simarjeet Singh,Middle,3,2,2,0,66.66666666666666,-56.23
Sohail Tanvir,Death,13,12,3,0,92.3076923076923,-58.47
Sohail Tanvir,Middle,10,11,5,2,110.00000000000001,-12.89
Sohail Tanvir,Powerplay,8,13,3,2,162.5,40.29
Sumit Kumar,Death,11,2,9,0,18.181818181818183,-132.6
Sumit Kumar,Middle,13,16,8,3,123.07692307692308,0.18
Sumit Kumar,Powerplay,2,0,2,0,0.0,-122.21
Sunny Gupta,Death,1,0,1,0,0.0,-150.78
Sunny Singh,Death,9,7,5,1,77.77777777777779,-73.0
Sunny Singh,Middle,14,21,4,3,150.0,27.11
Sunny Singh,Powerplay,8,15,3,3,187.5,65.29
Suryansh Shedge,Death,30,43,12,6,143.33333333333334,-7.45
Suryansh Shedge,Middle,63,106,14,12,168.25396825396825,45.36
Suryansh Shedge,Powerplay,11,16,7,3,145.45454545454547,23.25
Swapnil Singh,Death,20,26,8,3,130.0,-20.78
Swapnil Singh,Middle,26,25,13,3,96.15384615384616,-26.74
T Banton,Powerplay,22,18,13,2,81.81818181818183,-40.39
T Dahiya,Death,12,11,7,2,91.66666666666666,-59.11
T Dahiya,Middle,3,1,2,0,33.33333333333333,-89.56
T Henderson,Middle,6,9,2,1,150.0,27.11
T Henderson,Powerplay,10,2,9,0,20.0,-102.21
T Kohler-Cadmore,Middle,3,1,2,0,33.33333333333333,-89.56
T Kohler-Cadmore,Powerplay,51,47,31,8,92.15686274509804,-30.05
T Kohli,Death,7,4,3,0,57.14285714285714,-93.64
T Kohli,Powerplay,13,7,11,1,53.84615384615385,-68.36
T Natarajan,Death,7,4,3,0,57.14285714285714,-93.64
T Shamsi,Death,4,2,2,0,50.0,-100.78
T Stubbs,Death,284,546,57,76,192.25352112676057,41.47
T Stubbs,Middle,341,394,101,33,115.5425219941349,-7.35
T Stubbs,Powerplay,42,46,21,7,109.52380952380953,-12.68
T Taibu,Death,8,12,2,1,150.0,-0.78
T Taibu,Middle,18,19,7,2,105.55555555555556,-17.34
T Thushara,Death,19,12,10,0,63.1578947368421,-87.62
TA Boult,Death,80,85,36,8,106.25,-44.53
TA Boult,Middle,10,8,5,1,80.0,-42.89
TD Paine,Powerplay,29,10,19,0,34.48275862068966,-87.72
TG Southee,Death,81,106,30,11,130.8641975308642,-19.92
TG Southee,Middle,27,14,17,1,51.85185185185185,-71.04
TH David,Death,471,843,159,119,178.98089171974522,28.2
TH David,Middle,226,308,81,40,136.28318584070794,13.39
TK Curran,Death,50,69,16,8,138.0,-12.78
TK Curran,Middle,58,58,21,5,100.0,-22.89
TL Seifert,Death,5,2,3,0,40.0,-110.78
TL Seifert,Powerplay,39,43,22,7,110.25641025641026,-11.95
TL Suman,Death,110,144,35,16,130.9090909090909,-19.87
TL Suman,Middle,292,347,113,37,118.83561643835617,-4.06
TL Suman,Powerplay,185,185,107,28,100.0,-22.21
TM Dilshan,Death,124,199,36,27,160.48387096774192,9.7
TM Dilshan,Middle,467,466,200,52,99.78586723768737,-23.11
TM Dilshan,Powerplay,456,488,256,85,107.01754385964912,-15.19
TM Head,Death,59,100,13,11,169.4915254237288,18.71
TM Head,Middle,309,446,93,54,144.336569579288,21.44
TM Head,Powerplay,591,1010,257,185,170.89678510998309,48.69
TM Srivastava,Death,7,6,3,0,85.71428571428571,-65.07
TM Srivastava,Middle,4,2,2,0,50.0,-72.89
TR Birt,Death,37,60,16,11,162.16216216216216,11.38
TR Birt,Middle,22,15,11,0,68.18181818181817,-54.71
TS Mills,Death,9,6,8,1,66.66666666666666,-84.11
TS Mills,Middle,5,2,3,0,40.0,-82.89
TU Deshpande,Death,37,54,14,6,145.94594594594594,-4.83
TU Deshpande,Middle,1,0,1,0,0.0,-122.89
Tanush Kotian,Middle,11,6,6,0,54.54545454545454,-68.35
Tanush Kotian,Powerplay,21,18,12,3,85.71428571428571,-36.49
Tilak Varma,Death,292,543,91,81,185.95890410958904,35.18
Tilak Varma,Middle,880,1123,293,128,127.61363636363636,4.72
Tilak Varma,Powerplay,172,192,79,25,111.62790697674419,-10.58
U Kaul,Death,1,0,1,0,0.0,-150.78
UA Birla,Middle,6,1,5,0,16.666666666666664,-106.23
UA Birla,Powerplay,9,6,6,1,66.66666666666666,-55.54
UBT Chand,Death,19,30,5,5,157.89473684210526,7.11
UBT Chand,Middle,146,150,64,17,102.73972602739727,-20.15
UBT Chand,Powerplay,149,120,101,19,80.53691275167785,-41.67
UT Khawaja,Middle,26,20,11,1,76.92307692307693,-45.97
UT Khawaja,Powerplay,79,107,32,16,135.44303797468353,13.24
UT Yadav,Death,198,205,96,25,103.53535353535352,-47.25
UT Yadav,Middle,13,3,10,0,23.076923076923077,-99.82
Umar Gul,Death,19,39,8,6,205.26315789473685,54.48
Umran Malik,Death,16,23,8,3,143.75,-7.03
Urvil Patel,Middle,30,53,11,9,176.66666666666666,53.77
Urvil Patel,Powerplay,72,144,33,22,200.0,77.79
V Kohli,Death,875,1573,232,212,179.77142857142857,28.99
V Kohli,Middle,3482,4286,1028,427,123.09017805858701,0.2
V Kohli,Powerplay,2770,3487,1195,525,125.88447653429601,3.68
V Nigam,Death,50,84,18,14,168.0,17.22
V Nigam,Middle,34,53,12,8,155.88235294117646,32.99
V Nigam,Powerplay,8,20,2,4,250.0,127.79
V Pratap Singh,Death,1,0,1,0,0.0,-150.78
V Sehwag,Death,35,73,11,13,208.57142857142858,57.79
V Sehwag,Middle,638,1062,179,151,166.45768025078368,43.56
V Sehwag,Powerplay,1160,1593,547,276,137.32758620689657,15.12
V Shankar,Death,325,515,90,61,158.46153846153845,7.68
V Shankar,Middle,526,591,177,57,112.3574144486692,-10.54
V Shankar,Powerplay,134,127,72,18,94.77611940298507,-27.43
V Suryavanshi,Death,10,29,3,5,290.0,139.22
V Suryavanshi,Middle,152,334,45,53,219.73684210526315,96.84
V Suryavanshi,Powerplay,311,665,130,119,213.82636655948554,91.62
V Viyaskanth,Death,5,7,0,0,140.0,-10.78
VG Arora,Death,21,10,12,0,47.61904761904761,-103.16
VG Arora,Middle,7,0,7,0,0.0,-122.89
VH Zol,Middle,5,7,1,1,140.0,17.11
VH Zol,Powerplay,21,22,12,3,104.76190476190477,-17.44
VR Aaron,Death,72,50,42,4,69.44444444444444,-81.34
VR Aaron,Middle,1,0,1,0,0.0,-122.89
VR Iyer,Death,140,217,51,32,155.0,4.22
VR Iyer,Middle,567,769,183,90,135.62610229276896,12.73
VR Iyer,Powerplay,516,691,256,113,133.91472868217053,11.71
VRV Singh,Death,3,4,2,1,133.33333333333331,-17.45
VS Malik,Death,7,7,3,1,100.0,-50.78
VS Yeligati,Death,2,2,1,0,100.0,-50.78
VVS Laxman,Death,6,3,3,0,50.0,-100.78
VVS Laxman,Middle,74,92,18,10,124.32432432432432,1.43
VVS Laxman,Powerplay,191,187,102,28,97.90575916230367,-24.3
VY Mahesh,Death,20,12,10,0,60.0,-90.78
VY Mahesh,Middle,8,3,5,0,37.5,-85.39
Vijaykumar Vyshak,Death,17,16,7,1,94.11764705882352,-56.66
Virat Singh,Middle,24,15,12,1,62.5,-60.39
Virat Singh,Powerplay,2,0,2,0,0.0,-122.21
Vishnu Vinod,Death,19,27,6,3,142.10526315789474,-8.68
Vishnu Vinod,Middle,26,34,9,4,130.76923076923077,7.88
Vishnu Vinod,Powerplay,21,10,14,1,47.61904761904761,-74.59
Vivrant Sharma,Middle,25,42,6,6,168.0,45.11
Vivrant Sharma,Powerplay,24,27,12,5,112.5,-9.71
W Jaffer,Middle,34,53,9,7,155.88235294117646,32.99
W Jaffer,Powerplay,95,77,55,10,81.05263157894737,-41.15
WA Mota,Death,28,23,10,1,82.14285714285714,-68.64
WA Mota,Middle,48,33,20,1,68.75,-54.14
WD Parnell,Death,63,49,29,3,77.77777777777779,-73.0
WD Parnell,Middle,8,5,4,0,62.5,-60.39
WD Parnell,Powerplay,15,11,10,2,73.33333333333333,-48.87
WG Jacks,Death,27,73,4,11,270.3703703703704,119.59
WG Jacks,Middle,202,291,69,38,144.05940594059405,21.17
WG Jacks,Powerplay,156,238,65,39,152.56410256410254,30.36
WP Saha,Death,362,557,96,64,153.86740331491714,3.09
WP Saha,Middle,925,988,317,87,106.8108108108108,-16.08
WP Saha,Powerplay,1081,1389,522,232,128.49213691026827,6.29
WPUJC Vaas,Death,53,59,18,4,111.32075471698113,-39.46
WPUJC Vaas,Middle,20,22,6,1,110.00000000000001,-12.89
Washington Sundar,Death,328,480,109,62,146.34146341463415,-4.44
Washington Sundar,Middle,311,348,109,39,111.89710610932475,-11.0
Washington Sundar,Powerplay,50,60,24,9,120.0,-2.21
X Thalaivan Sargunam,Death,3,2,2,0,66.66666666666666,-84.11
X Thalaivan Sargunam,Middle,14,8,7,0,57.14285714285714,-65.75
XC Bartlett,Death,15,30,4,4,200.0,49.22
XC Bartlett,Middle,14,10,7,1,71.42857142857143,-51.46
Y Gnaneswara Rao,Middle,5,4,4,1,80.0,-42.89
Y Gnaneswara Rao,Powerplay,13,15,5,2,115.38461538461537,-6.82
Y Nagar,Death,135,179,55,23,132.5925925925926,-18.19
Y Nagar,Middle,133,104,57,6,78.19548872180451,-44.7
Y Nagar,Powerplay,3,2,1,0,66.66666666666666,-55.54
Y Prithvi Raj,Death,1,0,1,0,0.0,-150.78
Y Venugopal Rao,Death,260,387,77,49,148.84615384615384,-1.93
Y Venugopal Rao,Middle,503,522,215,56,103.77733598409542,-19.12
Y Venugopal Rao,Powerplay,102,76,63,9,74.50980392156863,-47.7
YA Abdulla,Death,1,0,1,0,0.0,-150.78
YBK Jaiswal,Death,44,88,14,15,200.0,49.22
YBK Jaiswal,Middle,616,825,189,101,133.92857142857142,11.04
YBK Jaiswal,Powerplay,1090,1680,517,305,154.12844036697248,31.92
YK Pathan,Death,732,1126,229,149,153.82513661202185,3.04
YK Pathan,Middle,1346,1735,518,212,128.90044576523033,6.01
YK Pathan,Powerplay,256,361,125,63,141.015625,18.81
YS Chahal,Death,66,33,36,0,50.0,-100.78
YS Chahal,Middle,23,4,21,0,17.391304347826086,-105.5
YV Dhull,Middle,14,14,3,1,100.0,-22.89
YV Dhull,Powerplay,9,2,7,0,22.22222222222222,-99.98
YV Takawale,Death,13,29,3,5,223.0769230769231,72.3
YV Takawale,Middle,33,42,9,4,127.27272727272727,4.38
YV Takawale,Powerplay,137,121,88,20,88.32116788321169,-33.88
Yash Dayal,Death,8,4,5,0,50.0,-100.78
Yash Dayal,Middle,1,0,1,0,0.0,-122.89
Yashpal Singh,Death,13,17,5,3,130.76923076923077,-20.01
Yashpal Singh,Middle,17,13,6,0,76.47058823529412,-46.42
Yashpal Singh,Powerplay,37,17,28,2,45.94594594594595,-76.26
Younis Khan,Powerplay,7,3,4,0,42.857142857142854,-79.35
Yudhvir Singh,Death,12,20,6,3,166.66666666666669,15.89
Yudhvir Singh,Middle,4,2,2,0,50.0,-72.89
Yuvraj Singh,Death,535,906,196,130,169.34579439252337,18.56
Yuvraj Singh,Middle,1475,1655,666,206,112.20338983050848,-10.69
Yuvraj Singh,Powerplay,197,193,115,31,97.96954314720813,-24.24
Z Khan,Death,109,108,51,13,99.08256880733946,-51.7
Z Khan,Middle,29,9,20,0,31.03448275862069,-91.86
Z Khan,Powerplay,3,0,3,0,0.0,-122.21
