player_name,true_strike_rate_Death,true_strike_rate_Middle,true_strike_rate_Powerplay,total_runs_Death,total_runs_Middle,total_runs_Powerplay,wickets_Death,wickets_Middle,wickets_Powerplay,economy_Death,economy_Middle,economy_Powerplay,total_runs,total_wickets,impact_score,role,est_price_cr,is_overseas
A Ashish Reddy,-6.19,25.89,0.0,214.0,61.0,0.0,11.0,7.0,0.0,9.31,7.66,0.0,275.0,18.0,47.3335,Specialist,1.57,0
A Badoni,2.5,-2.61,-4.11,538.0,516.0,124.0,0.0,0.0,0.0,0.0,0.0,0.0,1178.0,0.0,46.967499999999994,Batter,1.56,0
A Chopra,0.0,0.0,-56.35,0.0,0.0,27.0,0.0,0.0,0.0,0.0,0.0,0.0,27.0,0.0,5.0,Specialist,0.5,0
A Kamboj,-33.76,0.0,0.0,55.0,0.0,0.0,14.0,4.0,13.0,9.81,8.86,9.16,55.0,31.0,78.384,Bowler,2.35,0
A Kumble,-73.51,0.0,0.0,34.0,0.0,0.0,17.0,25.0,3.0,7.07,6.33,4.57,34.0,45.0,44.1315,Bowler,1.49,0
A Manohar,-1.29,-18.13,0.0,148.0,132.0,0.0,0.0,0.0,0.0,0.0,0.0,0.0,280.0,0.0,10.748500000000002,Specialist,0.65,0
A Mhatre,0.0,57.57,57.53,0.0,157.0,275.0,0.0,0.0,0.0,0.0,0.0,0.0,432.0,0.0,31.6625,Batter,1.17,0
A Mishra,-52.3,-52.72,0.0,260.0,120.0,0.0,42.0,126.0,6.0,8.83,6.74,7.01,380.0,174.0,161.89499999999998,Bowler,4.46,0
A Nehra,-85.7,0.0,0.0,41.0,0.0,0.0,54.0,12.0,40.0,8.33,6.91,7.01,41.0,106.0,280.645,Bowler,7.46,0
A Nortje,-56.55,0.0,0.0,49.0,0.0,0.0,27.0,12.0,22.0,9.29,7.94,7.67,49.0,61.0,142.66750000000002,Bowler,3.98,0
A Raghuvanshi,8.52,14.27,17.2,137.0,465.0,283.0,0.0,0.0,0.0,0.0,0.0,0.0,885.0,0.0,42.682,Batter,1.45,0
A Symonds,-2.05,-0.6,-38.48,293.0,609.0,72.0,5.0,11.0,4.0,10.09,7.34,5.14,974.0,20.0,58.1225,All-Rounder,1.84,0
AA Jhunjhunwala,-20.59,-26.77,0.0,69.0,124.0,0.0,0.0,1.0,0.0,0.0,8.62,0.0,193.0,1.0,5.0,Specialist,0.5,0
AB Agarkar,-23.23,-50.55,0.0,125.0,34.0,0.0,7.0,16.0,6.0,9.33,7.52,8.35,159.0,29.0,40.7295,Bowler,1.4,0
AB Dinda,-102.0,0.0,0.0,20.0,0.0,0.0,26.0,10.0,33.0,10.44,5.98,6.58,20.0,69.0,155.10000000000002,Bowler,4.29,0
AB McDonald,-33.13,0.0,0.0,80.0,0.0,0.0,0.0,5.0,3.0,0.0,7.57,8.79,80.0,8.0,5.0,Specialist,0.5,0
AB de Villiers,64.67,6.35,-4.59,1868.0,2572.0,741.0,0.0,0.0,0.0,0.0,0.0,0.0,5181.0,0.0,228.727,Batter,6.15,1
AC Blizzard,0.0,0.0,6.37,0.0,0.0,99.0,0.0,0.0,0.0,0.0,0.0,0.0,99.0,0.0,5.5525,Specialist,0.51,0
AC Gilchrist,0.0,17.29,6.04,0.0,621.0,1385.0,0.0,0.0,0.0,0.0,0.0,0.0,2006.0,0.0,81.75,Batter,2.44,0
AC Voges,1.0,-8.79,0.0,85.0,89.0,0.0,0.0,0.0,0.0,0.0,0.0,0.0,174.0,0.0,7.31,Specialist,0.56,0
AD Hales,0.0,0.0,16.82,0.0,0.0,114.0,0.0,0.0,0.0,0.0,0.0,0.0,114.0,0.0,8.765,Specialist,0.6,0
AD Mascarenhas,-31.27,0.0,0.0,49.0,0.0,0.0,0.0,5.0,12.0,0.0,5.63,7.29,49.0,17.0,27.015500000000003,Specialist,1.06,0
AD Mathews,-3.72,-24.26,0.0,425.0,289.0,0.0,9.0,12.0,6.0,8.63,7.47,8.37,714.0,27.0,76.75800000000001,All-Rounder,2.31,0
AD Nath,0.0,-30.96,0.0,0.0,57.0,0.0,0.0,0.0,0.0,0.0,0.0,0.0,57.0,0.0,5.0,Specialist,0.5,0
AD Russell,29.34,22.32,0.0,1432.0,1182.0,0.0,51.0,49.0,23.0,10.06,8.53,7.66,2614.0,123.0,362.329,All-Rounder,9.52,1
AG Paunikar,0.0,0.0,-41.88,0.0,0.0,49.0,0.0,0.0,0.0,0.0,0.0,0.0,49.0,0.0,5.0,Specialist,0.5,0
AJ Finch,2.48,8.16,-11.92,282.0,899.0,911.0,0.0,0.0,0.0,0.0,0.0,0.0,2092.0,0.0,81.56800000000001,Batter,2.43,0
AJ Tye,-37.88,0.0,0.0,70.0,0.0,0.0,24.0,7.0,11.0,8.54,7.62,7.48,70.0,42.0,106.542,Bowler,3.06,0
AK Markram,16.45,2.85,5.69,296.0,889.0,486.0,0.0,5.0,1.0,0.0,9.3,7.77,1671.0,6.0,77.02000000000001,Batter,2.32,0
AL Menaria,-33.91,-15.65,0.0,97.0,296.0,0.0,0.0,2.0,1.0,0.0,5.86,6.24,393.0,3.0,6.851500000000003,Specialist,0.55,0
AM Nayar,4.22,-27.7,-36.68,310.0,297.0,65.0,0.0,8.0,0.0,0.0,7.72,0.0,672.0,8.0,19.186999999999998,Batter,0.86,0
AM Rahane,3.46,-3.56,-2.35,509.0,2099.0,2759.0,0.0,0.0,0.0,0.0,0.0,0.0,5367.0,0.0,215.3035,Batter,5.81,0
AP Majumdar,0.0,-14.42,0.0,0.0,64.0,0.0,0.0,0.0,0.0,0.0,0.0,0.0,64.0,0.0,5.0,Specialist,0.5,0
AP Tare,0.0,39.33,-16.6,0.0,73.0,226.0,0.0,0.0,0.0,0.0,0.0,0.0,299.0,0.0,7.8100000000000005,Specialist,0.57,0
AR Patel,-4.75,-7.38,-20.92,1012.0,998.0,79.0,22.0,96.0,21.0,8.21,6.93,7.62,2089.0,139.0,216.66750000000002,All-Rounder,5.85,0
AS Raut,-39.67,-7.38,0.0,120.0,67.0,0.0,0.0,0.0,0.0,0.0,0.0,0.0,187.0,0.0,5.0,Specialist,0.5,0
AS Roy,-6.88,0.0,0.0,59.0,0.0,0.0,0.0,10.0,2.0,0.0,6.74,9.23,59.0,12.0,5.952,Specialist,0.52,0
AT Rayudu,11.84,-4.18,-18.61,1179.0,2392.0,777.0,0.0,0.0,0.0,0.0,0.0,0.0,4348.0,0.0,173.41150000000002,Batter,4.75,0
Abdul Samad,12.53,-4.68,0.0,552.0,305.0,0.0,0.0,2.0,0.0,0.0,11.62,0.0,857.0,2.0,38.6655,Batter,1.35,0
Abhishek Sharma,-9.77,43.98,40.02,196.0,796.0,1387.0,0.0,10.0,0.0,0.0,8.07,8.79,2379.0,10.0,101.74549999999999,Batter,2.94,0
Abishek Porel,0.0,14.24,17.21,0.0,325.0,382.0,0.0,0.0,0.0,0.0,0.0,0.0,707.0,0.0,32.5825,Batter,1.2,0
Aman Hakim Khan,-16.69,-36.23,0.0,59.0,52.0,0.0,0.0,0.0,0.0,0.0,0.0,0.0,111.0,0.0,5.0,Specialist,0.5,0
Aniket Verma,30.23,19.31,0.0,143.0,155.0,0.0,0.0,0.0,0.0,0.0,0.0,0.0,298.0,0.0,22.5005,Specialist,0.94,0
Anmolpreet Singh,0.0,0.0,2.53,0.0,0.0,116.0,0.0,0.0,0.0,0.0,0.0,0.0,116.0,0.0,5.2725,Specialist,0.51,0
Anuj Rawat,16.28,-29.89,-31.0,142.0,93.0,83.0,0.0,0.0,0.0,0.0,0.0,0.0,318.0,0.0,10.668000000000001,Specialist,0.64,0
Arshad Khan,-15.4,0.0,0.0,88.0,0.0,0.0,6.0,5.0,7.0,10.97,9.24,8.77,88.0,18.0,40.13,Specialist,1.39,0
Arshdeep Singh,-89.91,0.0,0.0,28.0,0.0,0.0,53.0,15.0,43.0,8.82,8.24,7.77,28.0,111.0,284.1515,Bowler,7.55,0
Ashutosh Sharma,23.7,2.75,0.0,417.0,147.0,0.0,0.0,0.0,0.0,0.0,0.0,0.0,564.0,0.0,30.854999999999997,Batter,1.15,0
Atharva Taide,0.0,12.63,17.97,0.0,103.0,157.0,0.0,0.0,0.0,0.0,0.0,0.0,260.0,0.0,14.8925,Specialist,0.75,0
Avesh Khan,-17.45,0.0,0.0,56.0,0.0,0.0,44.0,27.0,22.0,8.8,7.87,9.13,56.0,93.0,216.13250000000002,Bowler,5.83,0
Azhar Mahmood,-19.93,3.01,0.0,123.0,243.0,0.0,17.0,6.0,6.0,9.17,6.32,6.24,366.0,29.0,85.1645,Bowler,2.52,0
Azmatullah Omarzai,17.51,5.23,0.0,69.0,82.0,0.0,4.0,7.0,4.0,10.55,7.63,9.12,151.0,15.0,38.1685,Specialist,1.34,0
B Chipli,27.79,-19.59,-52.59,100.0,125.0,55.0,0.0,0.0,0.0,0.0,0.0,0.0,280.0,0.0,7.779,Specialist,0.57,0
B Kumar,-57.84,-49.82,0.0,316.0,38.0,0.0,118.0,11.0,97.0,8.58,8.2,6.1,354.0,226.0,697.9159999999999,Bowler,18.0,0
B Lee,-29.04,0.0,0.0,112.0,0.0,0.0,10.0,4.0,11.0,7.88,5.2,6.4,112.0,25.0,62.316,Bowler,1.95,0
B Sai Sudharsan,50.53,20.0,9.2,308.0,1186.0,1021.0,0.0,0.0,0.0,0.0,0.0,0.0,2515.0,0.0,120.58550000000001,Batter,3.42,0
BA Stokes,6.04,-0.89,6.83,207.0,488.0,240.0,14.0,6.0,8.0,8.61,6.94,8.8,935.0,28.0,114.22149999999999,All-Rounder,3.26,1
BB McCullum,30.22,5.07,-0.37,181.0,1144.0,1557.0,0.0,0.0,0.0,0.0,0.0,0.0,2882.0,0.0,125.7645,Batter,3.55,0
BB Samantray,0.0,-14.96,0.0,0.0,68.0,0.0,0.0,0.0,0.0,0.0,0.0,0.0,68.0,0.0,5.0,Specialist,0.5,0
BCJ Cutting,20.65,0.0,0.0,216.0,0.0,0.0,2.0,8.0,0.0,11.08,7.66,9.0,216.0,10.0,22.8675,Specialist,0.95,0
BJ Hodge,6.62,-15.05,-34.63,606.0,646.0,148.0,0.0,14.0,0.0,0.0,7.25,0.0,1400.0,14.0,49.6595,Batter,1.63,0
BJ Rohrer,0.0,-18.31,0.0,0.0,114.0,0.0,0.0,0.0,0.0,0.0,0.0,0.0,114.0,0.0,5.0,Specialist,0.5,0
Bipul Sharma,5.58,0.0,0.0,172.0,0.0,0.0,0.0,11.0,5.0,0.0,7.38,6.0,172.0,16.0,23.833,Specialist,0.98,0
C Bosch,13.01,0.0,0.0,95.0,0.0,0.0,5.0,6.0,0.0,9.23,7.84,0.0,95.0,11.0,25.8535,Specialist,1.03,0
C Connolly,0.0,30.95,4.65,0.0,260.0,137.0,0.0,0.0,0.0,0.0,0.0,0.0,397.0,0.0,17.0425,Specialist,0.8,0
C Green,27.07,12.31,22.18,265.0,507.0,257.0,5.0,13.0,5.0,11.2,7.64,8.45,1029.0,23.0,88.6795,All-Rounder,2.61,0
C Munro,0.0,-31.59,20.19,0.0,42.0,131.0,0.0,0.0,0.0,0.0,0.0,0.0,173.0,0.0,11.967500000000001,Specialist,0.68,0
C de Grandhomme,-14.03,6.2,0.0,160.0,142.0,0.0,0.0,6.0,0.0,0.0,7.75,0.0,302.0,6.0,7.1695,Specialist,0.55,0
CA Ingram,-4.27,-17.98,0.0,63.0,128.0,0.0,0.0,0.0,0.0,0.0,0.0,0.0,191.0,0.0,6.145500000000001,Specialist,0.53,0
CA Lynn,0.0,10.61,18.66,0.0,514.0,779.0,0.0,0.0,0.0,0.0,0.0,0.0,1293.0,0.0,56.385,Batter,1.8,0
CA Pujara,-41.48,-19.67,-31.1,47.0,128.0,215.0,0.0,0.0,0.0,0.0,0.0,0.0,390.0,0.0,5.0,Specialist,0.5,0
CH Gayle,40.34,24.87,7.72,581.0,2011.0,2405.0,9.0,6.0,3.0,7.83,6.61,6.8,4997.0,18.0,256.429,Batter,6.85,1
CH Morris,9.67,-15.52,0.0,499.0,102.0,0.0,58.0,16.0,22.0,8.09,7.18,6.87,601.0,96.0,296.4245,All-Rounder,7.86,0
CJ Anderson,8.31,-4.19,-40.96,175.0,311.0,52.0,5.0,4.0,2.0,11.27,8.24,9.41,538.0,11.0,37.688500000000005,Batter,1.33,0
CJ Ferguson,0.0,-41.2,0.0,0.0,58.0,0.0,0.0,0.0,0.0,0.0,0.0,0.0,58.0,0.0,5.0,Specialist,0.5,0
CJ Jordan,-44.11,0.0,0.0,80.0,0.0,0.0,15.0,12.0,3.0,10.26,6.89,8.53,80.0,30.0,49.261500000000005,Bowler,1.62,0
CL White,31.63,-12.78,-33.04,363.0,501.0,107.0,0.0,1.0,0.0,0.0,10.57,0.0,971.0,1.0,41.6505,Batter,1.43,0
CM Gautam,-28.56,-29.02,-15.96,55.0,46.0,68.0,0.0,0.0,0.0,0.0,0.0,0.0,169.0,0.0,5.0,Specialist,0.5,0
CR Brathwaite,33.93,0.0,0.0,157.0,0.0,0.0,6.0,7.0,0.0,9.79,7.78,0.0,157.0,13.0,39.1555,Specialist,1.36,0
CR Woakes,-38.28,0.0,0.0,63.0,0.0,0.0,16.0,8.0,6.0,9.66,6.14,8.34,63.0,30.0,63.12200000000001,Bowler,1.97,1
CV Varun,-92.29,0.0,0.0,31.0,0.0,0.0,19.0,77.0,15.0,8.34,7.12,7.46,31.0,111.0,80.43849999999999,Bowler,2.41,0
D Brevis,53.87,16.14,-12.08,88.0,431.0,87.0,0.0,0.0,0.0,0.0,0.0,0.0,606.0,0.0,40.0745,Batter,1.39,0
D Ferreira,49.22,15.04,0.0,192.0,120.0,0.0,0.0,0.0,0.0,0.0,0.0,0.0,312.0,0.0,29.706999999999997,Specialist,1.12,0
D Padikkal,-15.49,2.91,6.26,138.0,1058.0,1074.0,0.0,0.0,0.0,0.0,0.0,0.0,2270.0,0.0,86.9435,Batter,2.57,0
D Wiese,5.47,0.0,0.0,125.0,0.0,0.0,7.0,3.0,6.0,9.42,8.8,6.48,125.0,16.0,49.414500000000004,Specialist,1.62,0
DA Miller,15.96,-4.21,-39.28,1509.0,1677.0,102.0,0.0,0.0,0.0,0.0,0.0,0.0,3288.0,0.0,127.28600000000002,Batter,3.59,0
DA Warner,22.22,9.15,10.46,628.0,2621.0,3318.0,0.0,0.0,0.0,0.0,0.0,0.0,6567.0,0.0,273.072,Batter,7.27,1
DB Das,-33.78,-7.71,-16.75,117.0,129.0,58.0,0.0,0.0,0.0,0.0,0.0,0.0,304.0,0.0,5.0,Specialist,0.5,0
DB Ravi Teja,-16.65,-12.82,-33.87,169.0,153.0,53.0,0.0,0.0,0.0,0.0,0.0,0.0,375.0,0.0,5.0,Specialist,0.5,0
DH Yagnik,-27.7,-7.27,0.0,96.0,74.0,0.0,0.0,0.0,0.0,0.0,0.0,0.0,170.0,0.0,5.0,Specialist,0.5,0
DJ Bravo,16.93,-33.25,-16.17,909.0,528.0,123.0,115.0,58.0,10.0,8.53,6.85,7.01,1560.0,183.0,496.78299999999996,All-Rounder,12.92,1
DJ Harris,0.0,0.0,-35.84,0.0,0.0,57.0,0.0,0.0,0.0,0.0,0.0,0.0,57.0,0.0,5.0,Specialist,0.5,0
DJ Hooda,-13.72,-0.09,-24.0,466.0,867.0,164.0,1.0,7.0,2.0,13.26,7.51,7.62,1497.0,10.0,58.578,Batter,1.85,0
DJ Hussey,24.43,-18.88,-9.6,410.0,778.0,134.0,2.0,6.0,0.0,11.79,7.85,0.0,1322.0,8.0,66.0305,Batter,2.04,0
DJ Jacobs,0.0,0.0,-32.96,0.0,0.0,83.0,0.0,0.0,0.0,0.0,0.0,0.0,83.0,0.0,5.0,Specialist,0.5,0
DJ Mitchell,-35.78,12.17,-0.96,46.0,208.0,97.0,0.0,1.0,0.0,0.0,11.06,0.0,351.0,1.0,5.0,Specialist,0.5,0
DJG Sammy,-16.13,-18.03,0.0,136.0,151.0,0.0,1.0,9.0,0.0,11.67,7.38,0.0,287.0,10.0,9.334500000000002,Specialist,0.61,0
DJM Short,0.0,0.0,-42.84,0.0,0.0,50.0,0.0,0.0,0.0,0.0,0.0,0.0,50.0,0.0,5.0,Specialist,0.5,0
DL Chahar,-26.17,29.61,0.0,81.0,61.0,0.0,16.0,8.0,72.0,9.06,7.45,7.45,142.0,96.0,268.5205,Bowler,7.16,0
DL Vettori,-31.43,-38.96,0.0,74.0,47.0,0.0,7.0,19.0,2.0,7.95,6.31,6.33,121.0,28.0,24.3395,Bowler,0.99,0
DP Conway,-5.33,25.12,0.93,96.0,521.0,463.0,0.0,0.0,0.0,0.0,0.0,0.0,1080.0,0.0,41.567,Batter,1.42,0
DPMD Jayawardene,1.25,-13.89,-4.93,374.0,823.0,611.0,0.0,0.0,0.0,0.0,0.0,0.0,1808.0,0.0,71.525,Batter,2.18,0
DR Smith,-3.41,23.46,-1.27,168.0,1004.0,1213.0,6.0,15.0,5.0,11.76,7.53,10.66,2385.0,26.0,129.889,All-Rounder,3.65,0
DS Kulkarni,-54.66,0.0,0.0,99.0,0.0,0.0,22.0,20.0,44.0,8.6,7.74,7.1,99.0,86.0,193.829,Bowler,5.27,0
DT Christian,-15.85,-36.34,0.0,309.0,148.0,0.0,12.0,18.0,8.0,9.73,6.58,7.39,457.0,38.0,78.7325,Bowler,2.36,0
DW Steyn,-44.94,0.0,0.0,163.0,0.0,0.0,50.0,13.0,34.0,7.67,6.06,5.68,163.0,97.0,267.791,Bowler,7.14,0
Dhruv Jurel,15.89,11.81,36.74,485.0,559.0,151.0,0.0,0.0,0.0,0.0,0.0,0.0,1195.0,0.0,62.54650000000001,Batter,1.95,0
E Lewis,0.0,-8.77,18.73,0.0,202.0,420.0,0.0,0.0,0.0,0.0,0.0,0.0,622.0,0.0,29.5625,Batter,1.12,0
EJG Morgan,6.54,-13.72,-33.76,516.0,714.0,176.0,0.0,0.0,0.0,0.0,0.0,0.0,1406.0,0.0,50.089,Batter,1.64,0
F du Plessis,19.79,0.52,10.95,568.0,1924.0,2281.0,0.0,0.0,0.0,0.0,0.0,0.0,4773.0,0.0,200.584,Batter,5.44,1
FH Allen,0.0,161.11,53.22,0.0,142.0,207.0,0.0,0.0,0.0,0.0,0.0,0.0,349.0,0.0,27.265,Specialist,1.06,0
FY Fazal,0.0,-15.08,-29.52,0.0,69.0,76.0,0.0,0.0,0.0,0.0,0.0,0.0,145.0,0.0,5.0,Specialist,0.5,0
G Gambhir,-10.88,-2.4,-5.14,270.0,1670.0,2277.0,0.0,0.0,0.0,0.0,0.0,0.0,4217.0,0.0,163.58700000000002,Batter,4.51,0
GC Smith,10.19,-2.81,-28.94,66.0,299.0,374.0,0.0,0.0,0.0,0.0,0.0,0.0,739.0,0.0,25.8915,Batter,1.03,0
GD Phillips,4.32,-20.93,0.0,76.0,52.0,0.0,0.0,0.0,0.0,0.0,0.0,0.0,128.0,0.0,6.632,Specialist,0.54,0
GH Vihari,-36.5,-37.09,-58.08,80.0,145.0,59.0,0.0,0.0,0.0,0.0,0.0,0.0,284.0,0.0,5.0,Specialist,0.5,0
GJ Bailey,21.32,-34.15,-22.21,327.0,205.0,131.0,0.0,0.0,0.0,0.0,0.0,0.0,663.0,0.0,28.429499999999997,Batter,1.09,0
GJ Maxwell,21.66,22.29,13.96,607.0,1780.0,433.0,3.0,27.0,11.0,8.62,7.78,8.1,2820.0,41.0,167.37099999999998,All-Rounder,4.6,1
Gurkeerat Singh,-1.38,-24.64,0.0,251.0,225.0,0.0,0.0,5.0,0.0,0.0,6.34,0.0,476.0,5.0,18.557,Batter,0.84,0
H Klaasen,33.26,27.71,7.21,738.0,1256.0,110.0,0.0,0.0,0.0,0.0,0.0,0.0,2104.0,0.0,97.6035,Batter,2.84,1
HC Brook,0.0,6.0,-11.86,0.0,58.0,96.0,0.0,0.0,0.0,0.0,0.0,0.0,154.0,0.0,5.0,Specialist,0.5,0
HH Gibbs,5.74,-19.22,-19.92,72.0,367.0,447.0,0.0,0.0,0.0,0.0,0.0,0.0,886.0,0.0,32.468999999999994,Batter,1.19,0
HH Pandya,8.84,6.93,-26.39,1510.0,1271.0,183.0,32.0,37.0,13.0,10.74,7.61,9.01,2964.0,82.0,266.0565,All-Rounder,7.09,0
HM Amla,75.15,-0.11,4.49,122.0,194.0,261.0,0.0,0.0,0.0,0.0,0.0,0.0,577.0,0.0,50.505,Batter,1.65,0
HR Shokeen,0.0,-25.22,0.0,0.0,42.0,0.0,0.0,2.0,2.0,0.0,8.33,7.2,42.0,4.0,7.68,Specialist,0.57,0
HV Patel,-26.22,-38.08,0.0,213.0,67.0,0.0,81.0,56.0,14.0,8.79,7.36,8.46,280.0,151.0,327.52299999999997,Bowler,8.65,0
Harbhajan Singh,-7.0,-23.57,-7.39,624.0,147.0,62.0,26.0,94.0,30.0,7.81,6.6,6.81,833.0,150.0,210.02249999999998,All-Rounder,5.68,0
Harpreet Brar,-22.56,-48.82,0.0,209.0,40.0,0.0,3.0,31.0,3.0,10.11,7.07,9.43,249.0,37.0,21.564,Bowler,0.92,0
Harpreet Singh,0.0,-40.2,0.0,0.0,43.0,0.0,0.0,0.0,0.0,0.0,0.0,0.0,43.0,0.0,5.0,Specialist,0.5,0
Himmat Singh,3.98,0.0,0.0,65.0,0.0,0.0,0.0,0.0,0.0,0.0,0.0,0.0,65.0,0.0,5.0,Specialist,0.5,0
I Sharma,-71.83,0.0,0.0,45.0,0.0,0.0,22.0,17.0,57.0,9.73,8.11,6.76,45.0,96.0,224.6595,Bowler,6.05,0
IK Pathan,-8.2,-35.31,11.13,663.0,395.0,92.0,28.0,24.0,28.0,8.7,7.43,6.46,1150.0,80.0,227.9125,All-Rounder,6.13,0
IR Jaggi,0.0,-43.73,0.0,0.0,38.0,0.0,0.0,0.0,0.0,0.0,0.0,0.0,38.0,0.0,5.0,Specialist,0.5,0
Iqbal Abdulla,-36.03,0.0,0.0,70.0,0.0,0.0,6.0,20.0,14.0,8.08,7.02,6.11,70.0,40.0,53.189499999999995,Bowler,1.72,0
Ishan Kishan,30.88,13.96,11.83,416.0,1660.0,1524.0,0.0,0.0,0.0,0.0,0.0,0.0,3600.0,0.0,157.7655,Batter,4.36,0
J Botha,-21.51,-13.27,-38.87,159.0,205.0,45.0,8.0,13.0,4.0,7.44,5.9,7.62,409.0,25.0,39.114000000000004,Bowler,1.36,0
J Fraser-McGurk,0.0,44.41,75.15,0.0,87.0,298.0,0.0,0.0,0.0,0.0,0.0,0.0,385.0,0.0,34.1875,Specialist,1.24,0
J Overton,4.44,0.0,0.0,104.0,0.0,0.0,5.0,9.0,0.0,9.17,7.55,0.0,104.0,14.0,23.214,Specialist,0.96,0
JA Morkel,-0.9,-5.68,0.0,637.0,320.0,0.0,31.0,20.0,34.0,8.68,6.34,7.7,957.0,85.0,248.465,All-Rounder,6.65,0
JC Archer,1.22,-9.69,0.0,266.0,60.0,0.0,32.0,15.0,37.0,9.11,6.46,6.59,326.0,84.0,236.467,Bowler,6.35,0
JC Buttler,33.2,17.6,14.59,804.0,1988.0,1855.0,0.0,0.0,0.0,0.0,0.0,0.0,4647.0,0.0,201.1475,Batter,5.45,1
JD Ryder,0.0,-8.47,9.53,0.0,119.0,440.0,0.0,7.0,0.0,0.0,6.75,0.0,559.0,7.0,24.7425,Batter,1.0,0
JD Unadkat,-28.02,0.0,0.0,178.0,0.0,0.0,56.0,30.0,28.0,10.16,8.1,7.59,178.0,114.0,277.313,Bowler,7.38,0
JDP Oram,-29.21,-48.32,0.0,62.0,44.0,0.0,5.0,1.0,3.0,7.82,8.4,8.81,106.0,9.0,20.5165,Specialist,0.89,0
JDS Neesham,-61.42,-14.2,0.0,42.0,50.0,0.0,0.0,7.0,0.0,0.0,7.84,0.0,92.0,7.0,5.0,Specialist,0.5,0
JEC Franklin,-12.21,-17.3,-39.91,97.0,151.0,79.0,0.0,5.0,0.0,0.0,7.97,0.0,327.0,5.0,5.0,Specialist,0.5,0
JG Bethell,0.0,0.0,23.54,0.0,0.0,137.0,0.0,0.0,0.0,0.0,0.0,0.0,137.0,0.0,11.365,Specialist,0.66,0
JH Kallis,19.78,-26.66,-21.03,394.0,997.0,1036.0,24.0,23.0,18.0,9.59,6.87,6.81,2427.0,65.0,236.7455,All-Rounder,6.35,0
JJ Bumrah,-71.51,0.0,0.0,65.0,0.0,0.0,102.0,45.0,43.0,7.63,6.19,6.38,65.0,190.0,463.5715,Bowler,12.08,0
JJ Roy,0.0,19.02,4.04,0.0,193.0,380.0,0.0,0.0,0.0,0.0,0.0,0.0,573.0,0.0,23.930000000000003,Batter,0.98,0
JM Bairstow,-19.2,14.42,23.7,75.0,655.0,944.0,0.0,0.0,0.0,0.0,0.0,0.0,1674.0,0.0,66.165,Batter,2.04,0
JM Sharma,20.9,13.77,0.0,479.0,615.0,0.0,0.0,0.0,0.0,0.0,0.0,0.0,1094.0,0.0,51.074999999999996,Batter,1.66,0
JO Holder,-24.67,-3.18,0.0,227.0,85.0,0.0,33.0,28.0,9.0,8.55,7.24,8.17,312.0,70.0,146.3455,Bowler,4.07,0
JP Duminy,15.63,-21.56,-28.21,882.0,912.0,235.0,3.0,17.0,3.0,8.84,6.56,7.05,2029.0,23.0,99.078,All-Rounder,2.88,0
JP Faulkner,-1.46,-42.46,0.0,439.0,74.0,0.0,32.0,13.0,16.0,9.14,7.67,7.32,513.0,61.0,180.00900000000001,All-Rounder,4.92,0
JP Inglis,0.0,21.16,67.3,0.0,206.0,307.0,0.0,0.0,0.0,0.0,0.0,0.0,513.0,0.0,37.345,Batter,1.32,0
JR Hopes,-13.82,20.95,-1.19,63.0,187.0,167.0,6.0,7.0,0.0,10.99,7.74,0.0,417.0,13.0,32.545500000000004,Batter,1.2,0
JR Philippe,0.0,0.0,-32.73,0.0,0.0,51.0,0.0,0.0,0.0,0.0,0.0,0.0,51.0,0.0,5.0,Specialist,0.5,0
K Goel,0.0,-56.23,-25.82,0.0,28.0,160.0,0.0,0.0,0.0,0.0,8.24,0.0,188.0,0.0,5.0,Specialist,0.5,0
K Gowtham,18.29,11.04,0.0,164.0,75.0,0.0,0.0,11.0,10.0,0.0,7.32,8.31,239.0,21.0,45.9615,Specialist,1.53,0
K Rabada,-39.47,-34.8,0.0,187.0,74.0,0.0,69.0,28.0,54.0,8.83,7.14,8.22,261.0,151.0,400.1255,Bowler,10.48,1
KA Pollard,9.22,-2.5,-24.06,2032.0,1352.0,53.0,26.0,42.0,0.0,9.52,7.32,0.0,3437.0,68.0,225.692,All-Rounder,6.07,1
KC Sangakkara,2.25,-6.02,-10.67,202.0,963.0,522.0,0.0,0.0,0.0,0.0,0.0,0.0,1687.0,0.0,65.60000000000001,Batter,2.03,0
KD Karthik,14.64,-3.1,-26.31,1904.0,2542.0,397.0,0.0,0.0,0.0,0.0,0.0,0.0,4843.0,0.0,192.2665,Batter,5.23,0
KH Pandya,-0.4,-4.41,-17.33,800.0,1096.0,86.0,18.0,72.0,17.0,8.03,6.91,7.59,1982.0,107.0,188.8075,All-Rounder,5.14,0
KK Cooper,28.76,0.0,0.0,79.0,0.0,0.0,17.0,12.0,4.0,8.06,6.82,6.0,79.0,33.0,84.726,Bowler,2.51,0
KK Nair,21.09,-1.35,1.84,275.0,818.0,619.0,0.0,0.0,0.0,0.0,0.0,0.0,1712.0,0.0,76.3215,Batter,2.3,0
KL Rahul,18.44,12.77,3.74,907.0,2484.0,2437.0,0.0,0.0,0.0,0.0,0.0,0.0,5828.0,0.0,240.50900000000001,Batter,6.45,0
KM Jadhav,-15.29,-10.39,-41.48,565.0,576.0,67.0,0.0,0.0,0.0,0.0,0.0,0.0,1208.0,0.0,32.5985,Batter,1.2,0
KP Pietersen,24.93,2.69,8.03,123.0,486.0,392.0,0.0,4.0,0.0,0.0,6.71,0.0,1001.0,4.0,50.772999999999996,Batter,1.66,0
KR Mayers,0.0,41.51,7.75,0.0,97.0,282.0,0.0,0.0,0.0,0.0,0.0,0.0,379.0,0.0,17.0975,Specialist,0.81,0
KS Bharat,0.0,-4.29,-15.65,0.0,102.0,65.0,0.0,0.0,0.0,0.0,0.0,0.0,167.0,0.0,5.0,Specialist,0.5,0
KS Williamson,9.5,1.74,-24.23,460.0,1189.0,483.0,0.0,0.0,0.0,0.0,0.0,0.0,2132.0,0.0,82.5475,Batter,2.46,0
KV Sharma,-21.61,-31.38,0.0,248.0,97.0,0.0,10.0,67.0,6.0,10.22,8.11,6.86,345.0,83.0,59.23650000000001,Bowler,1.87,0
Kamran Akmal,0.0,0.0,2.18,0.0,0.0,51.0,0.0,0.0,0.0,0.0,0.0,0.0,51.0,0.0,5.0,Specialist,0.5,0
Kartik Sharma,20.33,0.13,0.0,77.0,187.0,0.0,0.0,0.0,0.0,0.0,0.0,0.0,264.0,0.0,17.6755,Specialist,0.82,0
Kuldeep Yadav,-64.21,-73.96,0.0,187.0,23.0,0.0,30.0,82.0,0.0,8.08,7.96,7.31,210.0,112.0,90.9265,Bowler,2.67,0
L Balaji,-74.69,0.0,0.0,35.0,0.0,0.0,33.0,28.0,15.0,9.53,6.47,6.32,35.0,76.0,135.7585,Bowler,3.8,0
LA Pomersbach,-19.41,-12.81,6.19,67.0,131.0,104.0,0.0,0.0,0.0,0.0,0.0,0.0,302.0,0.0,6.8340000000000005,Specialist,0.55,0
LH Ferguson,-3.84,0.0,0.0,72.0,0.0,0.0,17.0,18.0,19.0,9.82,7.2,8.59,72.0,54.0,118.036,Bowler,3.35,0
LMP Simmons,0.0,10.72,-9.29,0.0,481.0,542.0,0.0,0.0,0.0,0.0,0.0,0.0,1023.0,0.0,38.597500000000004,Batter,1.35,0
LR Shukla,-22.71,-21.79,0.0,219.0,184.0,0.0,9.0,6.0,0.0,8.34,7.35,0.0,403.0,15.0,39.6715,Batter,1.38,0
LRPL Taylor,2.16,-16.72,1.79,312.0,550.0,155.0,0.0,0.0,0.0,0.0,0.0,0.0,1017.0,0.0,41.8835,Batter,1.43,0
LS Livingstone,48.64,8.02,7.5,345.0,542.0,179.0,0.0,11.0,0.0,0.0,9.03,0.0,1066.0,11.0,61.539,Batter,1.93,1
Lalit Yadav,-40.19,-21.81,0.0,94.0,186.0,0.0,0.0,7.0,2.0,0.0,8.07,9.24,280.0,9.0,5.0,Specialist,0.5,0
M Jansen,-44.66,0.0,0.0,156.0,0.0,0.0,13.0,13.0,19.0,10.18,8.71,8.0,156.0,45.0,93.109,Bowler,2.73,0
M Kaif,-30.78,-17.72,0.0,54.0,183.0,0.0,0.0,0.0,0.0,0.0,0.0,0.0,237.0,0.0,5.0,Specialist,0.5,0
M Kartik,-49.48,0.0,0.0,78.0,0.0,0.0,6.0,18.0,7.0,7.94,6.65,6.55,78.0,31.0,27.802000000000003,Bowler,1.08,0
M Klinger,0.0,0.0,-22.21,0.0,0.0,50.0,0.0,0.0,0.0,0.0,0.0,0.0,50.0,0.0,5.0,Specialist,0.5,0
M Manhas,-22.36,-29.95,-38.57,244.0,224.0,46.0,0.0,0.0,0.0,0.0,0.0,0.0,514.0,0.0,5.0,Batter,0.5,0
M Markande,-39.15,0.0,0.0,48.0,0.0,0.0,3.0,34.0,0.0,10.38,8.56,0.0,48.0,37.0,5.0,Bowler,0.5,0
M Morkel,-11.02,0.0,0.0,116.0,0.0,0.0,31.0,10.0,36.0,8.66,7.33,6.33,116.0,77.0,217.283,Bowler,5.86,0
M Rawat,-63.82,0.0,0.0,40.0,0.0,0.0,0.0,0.0,0.0,0.0,0.0,0.0,40.0,0.0,5.0,Specialist,0.5,0
M Shahrukh Khan,4.08,6.78,0.0,398.0,354.0,0.0,0.0,0.0,0.0,0.0,0.0,0.0,752.0,0.0,31.508000000000003,Batter,1.17,0
M Vijay,22.83,4.88,-11.05,125.0,920.0,1574.0,0.0,0.0,0.0,0.0,0.0,0.0,2619.0,0.0,109.988,Batter,3.15,0
M Vohra,0.0,-0.22,-0.12,0.0,330.0,691.0,0.0,0.0,0.0,0.0,0.0,0.0,1021.0,0.0,40.81,Batter,1.4,0
MA Agarwal,52.44,11.34,-4.72,252.0,1094.0,1418.0,0.0,0.0,0.0,0.0,0.0,0.0,2764.0,0.0,127.73400000000001,Batter,3.6,0
MA Starc,-65.72,0.0,0.0,74.0,0.0,0.0,37.0,13.0,26.0,8.14,7.16,7.89,74.0,76.0,187.458,Bowler,5.11,1
MC Henriques,13.43,-11.64,-10.4,335.0,504.0,161.0,5.0,28.0,9.0,8.85,7.53,7.66,1000.0,42.0,86.6005,All-Rounder,2.56,0
MC Juneja,0.0,-34.89,0.0,0.0,88.0,0.0,0.0,0.0,0.0,0.0,0.0,0.0,88.0,0.0,5.0,Specialist,0.5,0
MD Choudhary,-5.21,5.01,0.0,115.0,55.0,0.0,0.0,0.0,0.0,0.0,0.0,0.0,170.0,0.0,5.0,Specialist,0.5,0
MD Mishra,0.0,-0.17,-21.42,0.0,81.0,129.0,0.0,0.0,0.0,0.0,0.0,0.0,210.0,0.0,5.0,Specialist,0.5,0
MD Shanaka,0.0,1.02,0.0,0.0,57.0,0.0,0.0,0.0,0.0,0.0,0.0,0.0,57.0,0.0,5.0,Specialist,0.5,0
MEK Hussey,38.35,0.61,-17.53,261.0,888.0,828.0,0.0,0.0,0.0,0.0,0.0,0.0,1977.0,0.0,88.12,Batter,2.6,0
MF Maharoof,-0.78,0.0,0.0,135.0,0.0,0.0,10.0,9.0,8.0,8.57,5.4,6.82,135.0,27.0,64.127,Bowler,1.99,0
MG Johnson,-43.98,0.0,0.0,157.0,0.0,0.0,29.0,7.0,26.0,8.66,7.23,7.13,157.0,62.0,170.387,Bowler,4.68,0
MJ Clarke,0.0,0.0,-3.46,0.0,0.0,76.0,0.0,2.0,0.0,0.0,5.8,0.0,76.0,2.0,5.0,Specialist,0.5,0
MJ Guptill,0.0,7.11,17.28,0.0,52.0,219.0,0.0,0.0,0.0,0.0,0.0,0.0,271.0,0.0,15.16,Specialist,0.76,0
MJ Lumb,0.0,6.37,21.11,0.0,53.0,225.0,0.0,0.0,0.0,0.0,0.0,0.0,278.0,0.0,16.3975,Specialist,0.79,0
MJ McClenaghan,-43.09,0.0,0.0,56.0,0.0,0.0,32.0,8.0,31.0,8.3,8.18,7.16,56.0,71.0,192.1585,Bowler,5.23,0
MJ Santner,-22.01,0.0,0.0,94.0,0.0,0.0,5.0,22.0,3.0,7.89,6.71,8.08,94.0,30.0,22.556500000000003,Bowler,0.94,0
MK Lomror,-0.45,11.45,0.0,230.0,266.0,0.0,0.0,0.0,0.0,0.0,8.2,0.0,496.0,0.0,19.6825,Batter,0.87,0
MK Pandey,-6.45,-7.76,-11.33,713.0,2146.0,1162.0,0.0,0.0,0.0,0.0,0.0,0.0,4021.0,0.0,155.75,Batter,4.31,0
MK Tiwary,-10.64,-17.72,-25.65,597.0,874.0,224.0,0.0,0.0,0.0,0.0,0.0,0.0,1695.0,0.0,57.6635,Batter,1.83,0
ML Hayden,30.35,12.63,2.07,96.0,412.0,599.0,0.0,0.0,0.0,0.0,0.0,0.0,1107.0,0.0,55.42,Batter,1.77,0
MM Ali,16.29,8.11,-4.53,279.0,655.0,233.0,2.0,34.0,5.0,7.58,7.16,5.5,1167.0,41.0,73.249,All-Rounder,2.22,1
MM Sharma,-52.98,-49.42,0.0,89.0,36.0,0.0,63.0,35.0,36.0,9.62,7.54,7.87,125.0,134.0,314.957,Bowler,8.33,0
MN Samuels,0.0,-25.95,0.0,0.0,127.0,0.0,5.0,2.0,2.0,9.74,7.88,5.92,127.0,9.0,28.58,Specialist,1.1,0
MN van Wyk,2.71,-10.59,0.0,66.0,73.0,0.0,0.0,0.0,0.0,0.0,0.0,0.0,139.0,0.0,6.508500000000001,Specialist,0.54,0
MP Stoinis,19.65,2.64,-0.37,980.0,944.0,318.0,15.0,22.0,9.0,12.43,8.47,8.61,2242.0,46.0,175.965,All-Rounder,4.82,1
MR Marsh,-3.54,11.36,30.34,240.0,776.0,839.0,12.0,19.0,6.0,9.91,6.74,8.26,1855.0,37.0,140.546,All-Rounder,3.92,0
MS Bisla,0.0,-11.42,-19.16,0.0,272.0,474.0,0.0,0.0,0.0,0.0,0.0,0.0,746.0,0.0,25.05,Batter,1.01,0
MS Dhoni,15.71,-24.34,-46.56,3468.0,1912.0,59.0,0.0,0.0,0.0,0.0,0.0,0.0,5439.0,0.0,211.4185,Batter,5.71,0
MS Gony,-1.63,0.0,0.0,88.0,0.0,0.0,7.0,12.0,18.0,9.87,7.18,8.22,88.0,37.0,81.4495,Bowler,2.43,0
MS Wade,0.0,-37.53,-12.5,0.0,70.0,113.0,0.0,0.0,0.0,0.0,0.0,0.0,183.0,0.0,5.0,Specialist,0.5,0
MV Boucher,3.82,-26.41,0.0,235.0,137.0,0.0,0.0,0.0,0.0,0.0,0.0,0.0,372.0,0.0,16.217000000000002,Specialist,0.78,0
MW Short,0.0,-27.77,2.12,0.0,39.0,138.0,0.0,0.0,0.0,0.0,0.0,0.0,177.0,0.0,7.61,Specialist,0.57,0
Mandeep Singh,-4.35,-6.37,-10.96,410.0,663.0,633.0,0.0,0.0,0.0,0.0,0.0,0.0,1706.0,0.0,63.97749999999999,Batter,1.99,0
Misbah-ul-Haq,0.0,-11.27,0.0,0.0,48.0,0.0,0.0,0.0,0.0,0.0,0.0,0.0,48.0,0.0,5.0,Specialist,0.5,0
Mohammad Nabi,-10.56,9.11,0.0,129.0,66.0,0.0,0.0,6.0,7.0,0.0,7.98,6.18,195.0,13.0,25.104000000000003,Specialist,1.01,0
Mohammed Shami,-51.78,0.0,0.0,99.0,0.0,0.0,68.0,17.0,60.0,10.12,8.14,7.04,99.0,145.0,403.837,Bowler,10.57,0
Mohammed Siraj,-67.2,0.0,0.0,112.0,0.0,0.0,47.0,21.0,60.0,9.0,6.99,7.55,112.0,128.0,325.46000000000004,Bowler,8.59,0
N Jagadeesan,0.0,-6.89,-22.21,0.0,87.0,64.0,0.0,0.0,0.0,0.0,0.0,0.0,151.0,0.0,5.0,Specialist,0.5,0
N Pooran,15.38,28.33,19.41,879.0,1420.0,228.0,0.0,0.0,0.0,0.0,0.0,0.0,2527.0,0.0,111.3155,Batter,3.19,1
N Rana,20.76,11.15,-5.71,446.0,1827.0,805.0,0.0,8.0,0.0,0.0,8.57,0.0,3078.0,8.0,128.95850000000002,Batter,3.63,0
N Saini,0.0,-14.73,-29.18,0.0,53.0,80.0,0.0,0.0,0.0,0.0,0.0,0.0,133.0,0.0,5.0,Specialist,0.5,0
N Wadhera,14.81,8.54,-18.28,154.0,577.0,53.0,0.0,0.0,0.0,0.0,0.0,0.0,784.0,0.0,31.973499999999998,Batter,1.18,0
NLTC Perera,-9.51,-7.77,0.0,267.0,137.0,0.0,17.0,8.0,6.0,10.76,7.18,7.19,404.0,31.0,90.3315,Bowler,2.66,0
NM Coulter-Nile,-27.05,0.0,0.0,73.0,0.0,0.0,22.0,11.0,15.0,8.8,6.47,6.47,73.0,48.0,115.4525,Bowler,3.29,0
NV Ojha,-17.34,-4.68,-23.99,411.0,649.0,494.0,0.0,0.0,0.0,0.0,0.0,0.0,1554.0,0.0,50.093500000000006,Batter,1.64,0
Naman Dhir,35.38,27.11,16.45,296.0,249.0,165.0,0.0,0.0,0.0,0.0,0.0,0.0,710.0,0.0,44.8955,Batter,1.51,0
Niraj Patel,0.0,-30.04,-45.93,0.0,39.0,45.0,0.0,0.0,0.0,0.0,0.0,0.0,84.0,0.0,5.0,Specialist,0.5,0
Nithish Kumar Reddy,32.16,13.89,-37.94,236.0,476.0,75.0,4.0,6.0,3.0,10.24,9.5,9.1,787.0,13.0,56.251000000000005,Batter,1.79,0
Noor Ahmad,-84.11,0.0,0.0,28.0,0.0,0.0,13.0,46.0,2.0,7.23,7.56,8.71,28.0,61.0,23.181500000000003,Bowler,0.96,0
OA Shah,-0.5,-20.01,0.0,269.0,214.0,0.0,0.0,0.0,0.0,0.0,0.0,0.0,483.0,0.0,19.145,Batter,0.86,0
OF Smith,-30.78,0.0,0.0,48.0,0.0,0.0,0.0,2.0,0.0,0.0,11.47,0.0,48.0,2.0,5.0,Specialist,0.5,0
P Dogra,-36.72,-52.76,0.0,73.0,54.0,0.0,0.0,0.0,0.0,0.0,0.0,0.0,127.0,0.0,5.0,Specialist,0.5,0
P Kumar,-41.08,-37.79,0.0,294.0,40.0,0.0,36.0,14.0,40.0,9.6,7.34,6.04,334.0,90.0,244.98200000000003,Bowler,6.56,0
P Negi,-16.23,-22.89,0.0,257.0,104.0,0.0,8.0,24.0,2.0,10.16,7.07,9.14,361.0,34.0,42.7595,Bowler,1.45,0
P Nissanka,0.0,0.0,42.13,0.0,0.0,235.0,0.0,0.0,0.0,0.0,0.0,0.0,235.0,0.0,19.9325,Specialist,0.88,0
P Simran Singh,24.77,33.26,27.6,79.0,634.0,1152.0,0.0,0.0,0.0,0.0,0.0,0.0,1865.0,0.0,90.16950000000001,Batter,2.65,0
PA Patel,-18.84,-8.16,-5.4,95.0,849.0,1904.0,0.0,0.0,0.0,0.0,0.0,0.0,2848.0,0.0,105.976,Batter,3.05,0
PA Reddy,0.0,-34.43,-28.57,0.0,46.0,103.0,0.0,0.0,0.0,0.0,0.0,0.0,149.0,0.0,5.0,Specialist,0.5,0
PBB Rajapaksa,0.0,14.7,25.87,0.0,194.0,77.0,0.0,0.0,0.0,0.0,0.0,0.0,271.0,0.0,17.3075,Specialist,0.81,0
PC Valthaty,0.0,-0.39,-14.62,0.0,147.0,312.0,0.0,5.0,0.0,0.0,7.67,0.0,459.0,5.0,14.705,Batter,0.75,0
PD Collingwood,29.22,-21.84,0.0,81.0,96.0,0.0,0.0,2.0,0.0,0.0,7.07,0.0,177.0,2.0,17.307,Specialist,0.81,0
PD Salt,0.0,51.99,43.15,0.0,383.0,840.0,0.0,0.0,0.0,0.0,0.0,0.0,1223.0,0.0,59.7075,Batter,1.88,0
PJ Cummins,7.1,2.8,0.0,461.0,181.0,0.0,27.0,29.0,31.0,9.37,7.23,8.17,642.0,87.0,215.66500000000002,All-Rounder,5.82,0
PK Garg,7.76,-20.95,-24.13,65.0,157.0,51.0,0.0,0.0,0.0,0.0,0.0,0.0,273.0,0.0,7.6035,Specialist,0.57,0
PP Chawla,-33.73,-36.23,0.0,453.0,156.0,0.0,39.0,132.0,21.0,8.39,7.68,7.54,609.0,192.0,212.05450000000002,All-Rounder,5.73,0
PP Ojha,-113.57,0.0,0.0,16.0,0.0,0.0,20.0,63.0,6.0,8.77,6.46,7.75,16.0,89.0,48.8905,Bowler,1.61,0
PP Shaw,0.0,23.0,20.18,0.0,515.0,1347.0,0.0,0.0,0.0,0.0,0.0,0.0,1862.0,0.0,79.525,Batter,2.38,0
PR Veer,-43.96,0.0,0.0,47.0,0.0,0.0,0.0,0.0,0.0,0.0,0.0,0.0,47.0,0.0,5.0,Specialist,0.5,0
PVD Chameera,-42.45,0.0,0.0,52.0,0.0,0.0,5.0,1.0,7.0,10.16,8.0,8.56,52.0,13.0,25.722499999999997,Specialist,1.02,0
PWH de Silva,-52.54,0.0,0.0,56.0,0.0,0.0,12.0,30.0,4.0,8.02,8.1,9.9,56.0,46.0,37.851000000000006,Bowler,1.33,0
Priyansh Arya,0.0,72.87,59.56,0.0,231.0,678.0,0.0,0.0,0.0,0.0,0.0,0.0,909.0,0.0,51.25,Batter,1.67,0
Q de Kock,44.34,8.11,4.63,240.0,1238.0,1966.0,0.0,0.0,0.0,0.0,0.0,0.0,3444.0,0.0,154.4365,Batter,4.27,1
R Ashwin,-23.17,-23.96,-15.36,476.0,279.0,78.0,36.0,101.0,50.0,7.53,6.59,6.66,833.0,187.0,297.3705,All-Rounder,7.88,0
R Bhatia,-8.97,-42.36,0.0,251.0,91.0,0.0,19.0,52.0,0.0,8.29,6.94,0.0,342.0,71.0,77.04050000000001,Bowler,2.32,0
R Dhawan,-24.47,-46.53,0.0,168.0,42.0,0.0,4.0,16.0,5.0,8.91,6.96,7.5,210.0,25.0,28.835500000000003,Bowler,1.1,0
R Dravid,15.89,-9.53,-16.36,200.0,1069.0,905.0,0.0,0.0,0.0,0.0,0.0,0.0,2174.0,0.0,88.43150000000001,Batter,2.61,0
R McLaren,-37.67,-43.3,0.0,69.0,78.0,0.0,5.0,3.0,4.0,9.68,8.29,7.75,147.0,12.0,22.1955,Specialist,0.93,0
R Parag,1.89,9.92,10.43,571.0,1117.0,191.0,0.0,8.0,0.0,0.0,8.85,0.0,1879.0,8.0,78.429,Batter,2.35,0
R Powell,25.08,-17.49,0.0,306.0,234.0,0.0,0.0,0.0,0.0,0.0,0.0,0.0,540.0,0.0,30.378,Batter,1.14,0
R Ravindra,0.0,21.41,8.75,0.0,114.0,275.0,0.0,0.0,0.0,0.0,0.0,0.0,389.0,0.0,17.747500000000002,Specialist,0.82,0
R Sathish,-16.35,-23.83,0.0,164.0,106.0,0.0,0.0,3.0,0.0,0.0,7.74,0.0,270.0,3.0,5.077500000000001,Specialist,0.5,0
R Sharma,-64.11,0.0,0.0,65.0,0.0,0.0,8.0,30.0,2.0,8.69,6.57,6.6,65.0,40.0,14.161500000000002,Bowler,0.73,0
R Shepherd,28.12,17.49,0.0,195.0,73.0,0.0,6.0,9.0,0.0,11.81,10.56,0.0,268.0,15.0,41.562,Specialist,1.42,0
R Tewatia,3.66,-24.9,0.0,905.0,391.0,0.0,4.0,28.0,0.0,7.04,7.57,0.0,1296.0,32.0,67.12100000000001,All-Rounder,2.07,0
R Vinay Kumar,-41.16,-26.89,0.0,262.0,48.0,0.0,47.0,28.0,30.0,9.85,7.45,6.95,310.0,105.0,252.494,Bowler,6.75,0
RA Jadeja,-7.99,-16.42,19.24,1922.0,1447.0,157.0,30.0,144.0,6.0,8.39,7.28,7.96,3526.0,180.0,266.0535,All-Rounder,7.09,0
RA Tripathi,-9.49,8.99,13.04,219.0,1059.0,1013.0,0.0,0.0,0.0,0.0,0.0,0.0,2291.0,0.0,91.5785,Batter,2.69,0
RD Chahar,-38.17,0.0,0.0,125.0,0.0,0.0,14.0,58.0,3.0,7.69,7.46,7.56,125.0,75.0,49.6405,Bowler,1.63,0
RD Gaikwad,17.4,11.97,1.6,296.0,1149.0,1394.0,0.0,0.0,0.0,0.0,0.0,0.0,2839.0,0.0,120.05,Batter,3.41,0
RD Rickelton,0.0,50.26,36.08,0.0,258.0,554.0,0.0,0.0,0.0,0.0,0.0,0.0,812.0,0.0,41.5,Batter,1.42,0
RE Levi,0.0,0.0,-15.31,0.0,0.0,62.0,0.0,0.0,0.0,0.0,0.0,0.0,62.0,0.0,5.0,Specialist,0.5,0
RE van der Merwe,-38.01,-6.23,0.0,53.0,70.0,0.0,7.0,11.0,0.0,7.47,5.83,0.0,123.0,18.0,16.116500000000002,Specialist,0.78,0
RG Sharma,23.53,-2.48,0.33,1527.0,3238.0,2566.0,7.0,6.0,2.0,8.4,7.44,7.13,7331.0,15.0,332.058,Batter,8.76,0
RJ Harris,-39.29,0.0,0.0,97.0,0.0,0.0,25.0,6.0,14.0,8.78,6.89,5.77,97.0,45.0,119.6285,Bowler,3.4,0
RJ Quiney,0.0,0.0,-34.37,0.0,0.0,65.0,0.0,0.0,0.0,0.0,0.0,0.0,65.0,0.0,5.0,Specialist,0.5,0
RK Singh,25.39,-15.3,0.0,791.0,567.0,0.0,0.0,0.0,0.0,0.0,0.0,0.0,1358.0,0.0,63.2065,Batter,1.97,0
RM Patidar,49.97,38.69,-11.75,267.0,1102.0,243.0,0.0,0.0,0.0,0.0,0.0,0.0,1612.0,0.0,79.03200000000001,Batter,2.37,0
RN ten Doeschate,-1.49,-1.55,0.0,212.0,108.0,0.0,0.0,2.0,0.0,0.0,6.16,0.0,320.0,2.0,12.278500000000001,Specialist,0.68,0
RP Singh,-81.34,0.0,0.0,50.0,0.0,0.0,45.0,10.0,35.0,8.45,7.42,6.42,50.0,90.0,236.031,Bowler,6.33,0
RR Pant,41.32,9.25,-9.04,1095.0,2294.0,490.0,0.0,0.0,0.0,0.0,0.0,0.0,3879.0,0.0,167.362,Batter,4.6,0
RR Powar,-39.11,0.0,0.0,67.0,0.0,0.0,0.0,7.0,4.0,0.0,6.65,6.73,67.0,11.0,5.0,Specialist,0.5,0
RR Rossouw,44.46,18.68,15.42,82.0,252.0,139.0,0.0,0.0,0.0,0.0,0.0,0.0,473.0,0.0,38.336,Batter,1.34,0
RR Sarwan,0.0,0.0,-17.55,0.0,0.0,45.0,0.0,0.0,0.0,0.0,0.0,0.0,45.0,0.0,5.0,Specialist,0.5,0
RS Bopara,18.09,-16.67,-37.24,179.0,222.0,130.0,2.0,9.0,0.0,9.71,7.3,0.0,531.0,11.0,25.2615,Batter,1.01,0
RT Ponting,0.0,-37.71,-62.21,0.0,46.0,45.0,0.0,0.0,0.0,0.0,0.0,0.0,91.0,0.0,5.0,Specialist,0.5,0
RV Gomez,-39.67,0.0,0.0,50.0,0.0,0.0,0.0,4.0,0.0,0.0,7.27,0.0,50.0,4.0,5.0,Specialist,0.5,0
RV Patel,-32.6,0.0,0.0,52.0,0.0,0.0,0.0,0.0,0.0,0.0,0.0,0.0,52.0,0.0,5.0,Specialist,0.5,0
RV Uthappa,14.53,1.64,-2.17,567.0,2350.0,2037.0,0.0,0.0,0.0,0.0,0.0,0.0,4954.0,0.0,202.703,Batter,5.49,0
Rahmanullah Gurbaz,0.0,25.11,-0.47,0.0,111.0,252.0,0.0,0.0,0.0,0.0,0.0,0.0,363.0,0.0,14.4025,Specialist,0.74,0
Ramandeep Singh,32.2,-13.24,0.0,172.0,125.0,0.0,0.0,0.0,0.0,0.0,0.0,0.0,297.0,0.0,23.15,Specialist,0.96,0
Rashid Khan,4.0,-6.8,0.0,534.0,101.0,0.0,43.0,121.0,15.0,8.45,6.7,7.37,635.0,179.0,222.3,All-Rounder,5.99,1
Ravi Bishnoi,-82.86,0.0,0.0,36.0,0.0,0.0,21.0,56.0,6.0,8.79,7.67,7.58,36.0,83.0,63.939,Bowler,1.99,0
S Anirudha,-15.07,0.0,0.0,76.0,0.0,0.0,0.0,0.0,0.0,0.0,0.0,0.0,76.0,0.0,5.0,Specialist,0.5,0
S Aravind,-46.53,0.0,0.0,49.0,0.0,0.0,15.0,10.0,20.0,9.04,8.09,7.0,49.0,45.0,98.1745,Bowler,2.85,0
S Arora,18.45,0.0,0.0,88.0,0.0,0.0,0.0,0.0,0.0,0.0,0.0,0.0,88.0,0.0,9.9775,Specialist,0.63,0
S Badrinath,-1.66,-5.99,-48.22,422.0,837.0,182.0,0.0,0.0,0.0,0.0,0.0,0.0,1441.0,0.0,45.004000000000005,Batter,1.51,0
S Dhawan,4.93,-0.36,-2.88,668.0,2686.0,3415.0,0.0,0.0,0.0,0.0,0.0,0.0,6769.0,0.0,271.7655,Batter,7.24,0
S Dube,2.63,8.72,-45.12,764.0,1328.0,37.0,3.0,3.0,0.0,10.19,9.68,0.0,2129.0,6.0,85.3005,Batter,2.53,0
S Gopal,-25.78,-49.12,0.0,135.0,45.0,0.0,6.0,38.0,8.0,6.54,8.16,7.89,180.0,52.0,43.17700000000001,Bowler,1.46,0
S Nadeem,-105.33,0.0,0.0,30.0,0.0,0.0,6.0,34.0,8.0,9.13,6.93,7.74,30.0,48.0,9.334500000000002,Bowler,0.61,0
S Rana,-14.78,0.0,0.0,68.0,0.0,0.0,0.0,0.0,0.0,0.0,0.0,0.0,68.0,0.0,5.0,Specialist,0.5,0
S Sohal,0.0,9.92,-4.98,0.0,85.0,279.0,0.0,0.0,0.0,0.0,0.0,0.0,364.0,0.0,13.315000000000001,Specialist,0.71,0
S Sreesanth,-91.13,0.0,0.0,34.0,0.0,0.0,8.0,5.0,27.0,10.17,7.02,6.35,34.0,40.0,78.4645,Bowler,2.36,0
S Vidyut,0.0,0.0,4.95,0.0,0.0,103.0,0.0,0.0,0.0,0.0,0.0,0.0,103.0,0.0,5.3575,Specialist,0.51,0
SA Asnodkar,0.0,-16.28,6.5,0.0,145.0,278.0,0.0,0.0,0.0,0.0,0.0,0.0,423.0,0.0,18.545,Batter,0.84,0
SA Yadav,23.7,18.48,14.3,834.0,2730.0,1017.0,0.0,0.0,0.0,0.0,0.0,0.0,4581.0,0.0,195.11,Batter,5.3,0
SB Dubey,13.35,-12.89,0.0,151.0,55.0,0.0,0.0,0.0,0.0,0.0,0.0,0.0,206.0,0.0,12.9125,Specialist,0.7,0
SB Styris,0.0,-33.65,0.0,0.0,83.0,0.0,6.0,1.0,1.0,10.27,6.22,5.6,83.0,8.0,27.32,Specialist,1.06,0
SC Ganguly,23.53,-29.84,-24.24,190.0,630.0,529.0,0.0,10.0,0.0,0.0,7.13,0.0,1349.0,10.0,56.1355,Batter,1.79,0
SD Chitnis,0.0,-8.31,0.0,0.0,55.0,0.0,0.0,0.0,0.0,0.0,0.0,0.0,55.0,0.0,5.0,Specialist,0.5,0
SD Hope,0.0,51.18,5.66,0.0,94.0,78.0,0.0,0.0,0.0,0.0,0.0,0.0,172.0,0.0,8.295,Specialist,0.58,0
SE Marsh,0.66,23.81,-18.75,262.0,1448.0,779.0,0.0,0.0,0.0,0.0,0.0,0.0,2489.0,0.0,95.1035,Batter,2.78,0
SE Rutherford,-4.63,5.31,0.0,266.0,250.0,0.0,0.0,1.0,0.0,0.0,7.61,0.0,516.0,1.0,19.0195,Batter,0.85,0
SK Raina,14.48,4.1,6.72,899.0,3077.0,1560.0,6.0,17.0,2.0,8.04,6.86,7.45,5536.0,25.0,255.188,All-Rounder,6.82,0
SK Rasheed,0.0,0.0,-14.39,0.0,0.0,69.0,0.0,0.0,0.0,0.0,0.0,0.0,69.0,0.0,5.0,Specialist,0.5,0
SK Trivedi,-80.78,0.0,0.0,42.0,0.0,0.0,20.0,39.0,6.0,8.48,6.55,8.25,42.0,65.0,61.407000000000004,Bowler,1.92,0
SK Warne,-48.54,-51.13,0.0,137.0,61.0,0.0,18.0,38.0,0.0,8.48,6.45,0.0,198.0,56.0,53.931000000000004,Bowler,1.74,0
SL Malinga,-63.91,0.0,0.0,86.0,0.0,0.0,108.0,25.0,37.0,7.14,6.58,5.66,86.0,170.0,470.0715,Bowler,12.25,1
SM Curran,20.01,-13.45,-12.5,456.0,394.0,147.0,34.0,14.0,11.0,10.4,9.84,7.75,997.0,59.0,195.7585,All-Rounder,5.32,0
SM Katich,0.0,-5.97,9.61,0.0,76.0,145.0,0.0,0.0,0.0,0.0,0.0,0.0,221.0,0.0,11.2425,Specialist,0.66,0
SM Pollock,31.04,-22.89,0.0,80.0,66.0,0.0,0.0,3.0,8.0,0.0,7.64,5.91,146.0,11.0,40.70399999999999,Specialist,1.4,0
SN Khan,12.52,-16.94,26.07,307.0,267.0,172.0,0.0,0.0,0.0,0.0,0.0,0.0,746.0,0.0,40.7395,Batter,1.4,0
SN Thakur,-20.61,1.84,0.0,233.0,116.0,0.0,55.0,35.0,29.0,9.32,7.42,8.86,349.0,119.0,286.24649999999997,Bowler,7.6,0
SO Hetmyer,8.82,-0.52,-20.84,956.0,536.0,74.0,0.0,0.0,0.0,0.0,0.0,0.0,1566.0,0.0,60.517,Batter,1.9,1
SP Fleming,0.0,8.14,-16.01,0.0,76.0,120.0,0.0,0.0,0.0,0.0,0.0,0.0,196.0,0.0,5.0,Specialist,0.5,0
SP Goswami,0.0,-26.6,-29.59,0.0,104.0,163.0,0.0,0.0,0.0,0.0,0.0,0.0,267.0,0.0,5.0,Specialist,0.5,0
SP Narine,-38.1,35.41,38.84,160.0,486.0,1174.0,84.0,94.0,31.0,6.94,6.4,6.59,1820.0,209.0,456.175,All-Rounder,11.89,1
SPD Smith,8.95,-9.1,-4.42,706.0,1279.0,510.0,0.0,0.0,0.0,0.0,0.0,0.0,2495.0,0.0,101.8275,Batter,2.95,0
SR Tendulkar,5.86,-11.23,-11.77,224.0,967.0,1143.0,0.0,0.0,0.0,0.0,0.0,0.0,2334.0,0.0,92.4685,Batter,2.71,0
SR Watson,29.7,25.81,-12.22,453.0,2006.0,1421.0,42.0,16.0,34.0,8.49,6.91,6.52,3880.0,92.0,411.5400000000001,All-Rounder,10.77,0
SS Iyer,25.56,9.46,-13.15,820.0,2377.0,1036.0,0.0,0.0,0.0,0.0,0.0,0.0,4233.0,0.0,174.9785,Batter,4.79,0
SS Prabhudessai,0.0,-0.82,0.0,0.0,94.0,0.0,0.0,0.0,0.0,0.0,0.0,0.0,94.0,0.0,5.0,Specialist,0.5,0
SS Tiwary,-11.94,-12.92,-23.95,454.0,871.0,169.0,0.0,0.0,0.0,0.0,0.0,0.0,1494.0,0.0,49.5935,Batter,1.63,0
ST Jayasuriya,0.0,26.52,5.34,0.0,254.0,514.0,3.0,10.0,0.0,8.36,7.18,0.0,768.0,13.0,42.555,Batter,1.45,0
STR Binny,-1.53,-9.2,0.0,397.0,465.0,0.0,3.0,14.0,5.0,9.44,7.02,7.09,862.0,22.0,59.444500000000005,All-Rounder,1.88,0
SV Samson,31.66,12.74,1.86,852.0,2710.0,1619.0,0.0,0.0,0.0,0.0,0.0,0.0,5181.0,0.0,218.786,Batter,5.9,0
SW Billings,15.42,-8.86,2.79,118.0,260.0,125.0,0.0,0.0,0.0,0.0,0.0,0.0,503.0,0.0,26.2145,Batter,1.04,0
Sachin Baby,-4.63,-33.8,0.0,95.0,49.0,0.0,0.0,0.0,0.0,0.0,0.0,0.0,144.0,0.0,5.0,Specialist,0.5,0
Salman Butt,0.0,-1.23,-24.09,0.0,73.0,104.0,0.0,0.0,0.0,0.0,0.0,0.0,177.0,0.0,5.0,Specialist,0.5,0
Sameer Rizvi,44.74,11.25,0.0,131.0,275.0,0.0,0.0,0.0,0.0,0.0,0.0,0.0,406.0,0.0,31.899,Batter,1.18,0
Sandeep Sharma,-75.78,0.0,0.0,48.0,0.0,0.0,63.0,24.0,64.0,9.58,7.41,6.75,48.0,151.0,387.897,Bowler,10.17,0
Shahbaz Ahmed,-12.62,-20.59,0.0,315.0,267.0,0.0,7.0,18.0,2.0,8.95,9.37,9.33,582.0,27.0,49.363,All-Rounder,1.62,0
Shakib Al Hasan,-20.23,-8.49,0.0,329.0,429.0,0.0,13.0,32.0,18.0,8.66,6.67,7.33,758.0,63.0,122.73949999999999,All-Rounder,3.47,0
Shashank Singh,34.73,3.52,0.0,512.0,359.0,0.0,0.0,4.0,0.0,0.0,7.52,0.0,871.0,4.0,46.9955,Batter,1.56,0
Shivam Mavi,-58.47,0.0,0.0,48.0,0.0,0.0,12.0,9.0,9.0,9.39,6.47,7.64,48.0,30.0,50.4555,Bowler,1.65,0
Shubman Gill,-4.48,20.55,8.4,474.0,2080.0,2044.0,0.0,0.0,0.0,0.0,0.0,0.0,4598.0,0.0,184.45200000000003,Batter,5.03,0
Sikandar Raza,0.0,9.4,0.0,0.0,127.0,0.0,0.0,3.0,0.0,0.0,8.48,0.0,127.0,3.0,5.08,Specialist,0.5,0
Suryansh Shedge,0.0,45.36,0.0,0.0,106.0,0.0,0.0,0.0,0.0,0.0,0.0,0.0,106.0,0.0,5.0,Specialist,0.5,0
T Kohler-Cadmore,0.0,0.0,-30.05,0.0,0.0,47.0,0.0,0.0,0.0,0.0,0.0,0.0,47.0,0.0,5.0,Specialist,0.5,0
T Stubbs,41.47,-7.35,-12.68,546.0,394.0,46.0,0.0,0.0,0.0,0.0,0.0,0.0,986.0,0.0,50.784499999999994,Batter,1.66,0
TA Boult,-44.53,0.0,0.0,85.0,0.0,0.0,57.0,16.0,72.0,9.89,8.18,6.97,85.0,145.0,403.31449999999995,Bowler,10.56,1
TG Southee,-19.92,0.0,0.0,106.0,0.0,0.0,18.0,11.0,18.0,9.6,7.09,7.42,106.0,47.0,114.26799999999999,Bowler,3.26,0
TH David,28.2,13.39,0.0,843.0,308.0,0.0,0.0,0.0,0.0,0.0,0.0,0.0,1151.0,0.0,55.91,Batter,1.79,0
TK Curran,-12.78,-22.89,0.0,69.0,58.0,0.0,7.0,5.0,1.0,11.34,8.63,8.59,127.0,13.0,28.107,Specialist,1.08,0
TL Suman,-19.87,-4.06,-22.21,144.0,347.0,185.0,0.0,5.0,0.0,0.0,7.09,0.0,676.0,5.0,14.532999999999998,Batter,0.74,0
TM Dilshan,9.7,-23.11,-15.19,199.0,466.0,488.0,0.0,4.0,0.0,0.0,7.86,8.18,1153.0,4.0,45.717499999999994,Batter,1.53,0
TM Head,18.71,21.44,48.69,100.0,446.0,1010.0,0.0,0.0,0.0,0.0,12.9,0.0,1556.0,0.0,80.961,Batter,2.42,0
Tilak Varma,35.18,4.72,-10.58,543.0,1123.0,192.0,0.0,0.0,0.0,0.0,0.0,0.0,1858.0,0.0,83.988,Batter,2.49,0
UBT Chand,0.0,-20.15,-41.67,0.0,150.0,120.0,0.0,0.0,0.0,0.0,0.0,0.0,270.0,0.0,5.0,Specialist,0.5,0
UT Khawaja,0.0,0.0,13.24,0.0,0.0,107.0,0.0,0.0,0.0,0.0,0.0,0.0,107.0,0.0,7.59,Specialist,0.57,0
UT Yadav,-47.25,0.0,0.0,205.0,0.0,0.0,52.0,34.0,58.0,9.52,7.65,7.15,205.0,144.0,347.66249999999997,Bowler,9.15,0
Urvil Patel,0.0,0.0,77.79,0.0,0.0,144.0,0.0,0.0,0.0,0.0,0.0,0.0,144.0,0.0,25.207500000000003,Specialist,1.01,0
V Kohli,28.99,0.2,3.68,1573.0,4286.0,3487.0,0.0,3.0,0.0,0.0,7.57,0.0,9346.0,3.0,384.90650000000005,Batter,10.09,0
V Nigam,17.22,0.0,0.0,84.0,0.0,0.0,0.0,7.0,4.0,0.0,9.98,8.42,84.0,11.0,21.387,Specialist,0.91,0
V Sehwag,0.0,43.56,15.12,0.0,1062.0,1593.0,0.0,4.0,0.0,0.0,8.12,0.0,2655.0,4.0,109.98,Batter,3.15,0
V Shankar,7.68,-10.54,-27.43,515.0,591.0,127.0,2.0,7.0,0.0,6.94,7.74,0.0,1233.0,9.0,52.1505,Batter,1.69,0
V Suryavanshi,0.0,96.84,91.62,0.0,334.0,665.0,0.0,0.0,0.0,0.0,0.0,0.0,999.0,0.0,62.865,Batter,1.96,0
VR Aaron,-81.34,0.0,0.0,50.0,0.0,0.0,15.0,15.0,14.0,9.51,7.14,7.77,50.0,44.0,68.031,Bowler,2.09,0
VR Iyer,4.22,12.73,11.71,217.0,769.0,691.0,0.0,1.0,0.0,0.0,10.65,0.0,1677.0,1.0,71.4845,Batter,2.18,0
VVS Laxman,0.0,1.43,-24.3,0.0,92.0,187.0,0.0,0.0,0.0,0.0,0.0,0.0,279.0,0.0,5.085,Specialist,0.5,0
W Jaffer,0.0,0.0,-41.15,0.0,0.0,77.0,0.0,0.0,0.0,0.0,0.0,0.0,77.0,0.0,5.0,Specialist,0.5,0
WA Mota,0.0,-54.14,0.0,0.0,33.0,0.0,0.0,3.0,0.0,0.0,5.76,0.0,33.0,3.0,5.0,Specialist,0.5,0
WD Parnell,-73.0,0.0,0.0,49.0,0.0,0.0,16.0,3.0,16.0,7.85,6.69,6.52,49.0,35.0,80.41,Bowler,2.4,0
WG Jacks,0.0,21.17,30.36,0.0,291.0,238.0,0.0,7.0,3.0,0.0,8.16,10.29,529.0,10.0,37.75,Batter,1.33,0
WP Saha,3.09,-16.08,6.29,557.0,988.0,1389.0,0.0,0.0,0.0,0.0,0.0,0.0,2934.0,0.0,120.014,Batter,3.4,0
WPUJC Vaas,-39.46,0.0,0.0,59.0,0.0,0.0,2.0,0.0,15.0,10.9,0.0,6.06,59.0,17.0,40.549,Specialist,1.4,0
Washington Sundar,-4.44,-11.0,-2.21,480.0,348.0,60.0,5.0,22.0,13.0,9.95,7.01,8.13,888.0,40.0,89.9135,All-Rounder,2.64,0
Y Nagar,-18.19,-44.7,0.0,179.0,104.0,0.0,0.0,4.0,0.0,0.0,9.73,0.0,283.0,4.0,5.0,Specialist,0.5,0
Y Venugopal Rao,-1.93,-19.12,-47.7,387.0,522.0,76.0,0.0,4.0,1.0,0.0,8.04,9.57,985.0,5.0,29.7995,Batter,1.13,0
YBK Jaiswal,49.22,11.04,31.92,88.0,825.0,1680.0,0.0,0.0,0.0,0.0,0.0,0.0,2593.0,0.0,128.927,Batter,3.63,0
YK Pathan,3.04,6.01,18.81,1126.0,1735.0,361.0,3.0,25.0,14.0,9.04,7.11,6.18,3222.0,42.0,187.1465,All-Rounder,5.1,0
YS Chahal,-100.78,0.0,0.0,33.0,0.0,0.0,66.0,149.0,18.0,8.8,7.28,7.7,33.0,233.0,251.047,Bowler,6.71,0
YV Takawale,0.0,0.0,-33.88,0.0,0.0,121.0,0.0,0.0,0.0,0.0,0.0,0.0,121.0,0.0,5.0,Specialist,0.5,0
Yuvraj Singh,18.56,-10.69,-24.24,906.0,1655.0,193.0,6.0,30.0,0.0,7.95,7.13,0.0,2754.0,36.0,131.596,All-Rounder,3.7,0
Z Khan,-51.7,0.0,0.0,108.0,0.0,0.0,37.0,13.0,52.0,8.7,7.82,6.19,108.0,102.0,271.72499999999997,Bowler,7.24,0
A Chandila,0.0,0.0,0.0,0.0,0.0,0.0,0.0,1.0,10.0,0.0,7.07,5.71,0.0,11.0,30.0,Specialist,1.13,0
A Choudhary,0.0,0.0,0.0,0.0,0.0,0.0,0.0,1.0,0.0,0.0,7.5,0.0,0.0,1.0,5.0,Specialist,0.5,0
A Mithun,0.0,0.0,0.0,0.0,0.0,0.0,4.0,2.0,1.0,10.38,7.81,8.28,0.0,7.0,17.0,Specialist,0.8,0
A Singh,0.0,0.0,0.0,0.0,0.0,0.0,16.0,1.0,11.0,9.89,7.12,6.07,0.0,28.0,89.0,Bowler,2.62,0
A Zampa,0.0,0.0,0.0,0.0,0.0,0.0,13.0,16.0,2.0,11.0,7.58,5.86,0.0,31.0,51.5,Bowler,1.67,0
AA Chavan,0.0,0.0,0.0,0.0,0.0,0.0,0.0,2.0,3.0,0.0,8.87,6.04,0.0,5.0,9.0,Specialist,0.6,0
AC Thomas,0.0,0.0,0.0,0.0,0.0,0.0,4.0,0.0,7.0,9.46,0.0,6.03,0.0,11.0,35.0,Specialist,1.26,0
AF Milne,0.0,0.0,0.0,0.0,0.0,0.0,4.0,1.0,2.0,9.4,8.38,8.81,0.0,7.0,20.0,Specialist,0.88,0
AG Murtaza,0.0,0.0,0.0,0.0,0.0,0.0,0.0,7.0,2.0,0.0,7.56,3.87,0.0,9.0,6.0,Specialist,0.53,0
AJ Hosein,0.0,0.0,0.0,0.0,0.0,0.0,0.0,5.0,3.0,0.0,7.77,8.44,0.0,8.0,9.0,Specialist,0.6,0
AM Ghazanfar,0.0,0.0,0.0,0.0,0.0,0.0,0.0,4.0,7.0,0.0,8.7,10.52,0.0,11.0,21.0,Specialist,0.9,0
AM Salvi,0.0,0.0,0.0,0.0,0.0,0.0,0.0,4.0,1.0,0.0,7.14,6.81,0.0,5.0,5.0,Specialist,0.5,0
AN Ahmed,0.0,0.0,0.0,0.0,0.0,0.0,6.0,3.0,3.0,9.53,7.28,6.84,0.0,12.0,30.0,Specialist,1.13,0
AS Joseph,0.0,0.0,0.0,0.0,0.0,0.0,12.0,7.0,2.0,8.35,8.93,9.29,0.0,21.0,48.0,Specialist,1.59,0
AS Rajpoot,0.0,0.0,0.0,0.0,0.0,0.0,9.0,6.0,9.0,10.47,6.88,8.06,0.0,24.0,58.5,Specialist,1.85,0
AU Rashid,0.0,0.0,0.0,0.0,0.0,0.0,0.0,2.0,0.0,0.0,9.0,0.0,0.0,2.0,5.0,Specialist,0.5,0
Akash Deep,0.0,0.0,0.0,0.0,0.0,0.0,2.0,3.0,5.0,12.94,10.72,9.0,0.0,10.0,22.0,Specialist,0.93,0
Akash Madhwal,0.0,0.0,0.0,0.0,0.0,0.0,9.0,9.0,5.0,9.14,9.38,7.9,0.0,23.0,46.5,Specialist,1.55,0
Akash Singh,0.0,0.0,0.0,0.0,0.0,0.0,0.0,4.0,8.0,0.0,9.69,8.72,0.0,12.0,24.0,Specialist,0.98,0
Anand Rajan,0.0,0.0,0.0,0.0,0.0,0.0,5.0,3.0,0.0,10.36,5.75,5.61,0.0,8.0,17.5,Specialist,0.82,0
Ankit Sharma,0.0,0.0,0.0,0.0,0.0,0.0,0.0,6.0,6.0,0.0,7.09,6.16,0.0,12.0,18.0,Specialist,0.83,0
Ankit Soni,0.0,0.0,0.0,0.0,0.0,0.0,0.0,2.0,0.0,0.0,7.66,0.0,0.0,2.0,5.0,Specialist,0.5,0
Anureet Singh,0.0,0.0,0.0,0.0,0.0,0.0,9.0,2.0,7.0,10.2,8.55,6.76,0.0,18.0,52.5,Specialist,1.7,0
Arjun Tendulkar,0.0,0.0,0.0,0.0,0.0,0.0,0.0,0.0,1.0,0.0,0.0,4.9,0.0,1.0,5.0,Specialist,0.5,0
Ashok Sharma,0.0,0.0,0.0,0.0,0.0,0.0,5.0,1.0,0.0,9.85,7.34,0.0,0.0,6.0,17.5,Specialist,0.82,0
Ashwani Kumar,0.0,0.0,0.0,0.0,0.0,0.0,5.0,8.0,0.0,12.24,8.39,0.0,0.0,13.0,17.5,Specialist,0.82,0
Auqib Nabi,0.0,0.0,0.0,0.0,0.0,0.0,0.0,0.0,0.0,0.0,0.0,10.23,0.0,0.0,5.0,Specialist,0.5,0
B Akhil,0.0,0.0,0.0,0.0,0.0,0.0,2.0,4.0,0.0,10.59,5.87,0.0,0.0,6.0,7.0,Specialist,0.55,0
B Laughlin,0.0,0.0,0.0,0.0,0.0,0.0,5.0,2.0,0.0,10.23,7.41,0.0,0.0,7.0,17.5,Specialist,0.82,0
B Stanlake,0.0,0.0,0.0,0.0,0.0,0.0,0.0,5.0,2.0,0.0,8.4,7.15,0.0,7.0,6.0,Specialist,0.53,0
BA Bhatt,0.0,0.0,0.0,0.0,0.0,0.0,2.0,6.0,4.0,8.77,7.62,7.11,0.0,12.0,19.0,Specialist,0.85,0
BAW Mendis,0.0,0.0,0.0,0.0,0.0,0.0,2.0,4.0,2.0,8.67,6.71,6.71,0.0,8.0,13.0,Specialist,0.7,0
BB Sran,0.0,0.0,0.0,0.0,0.0,0.0,7.0,6.0,5.0,8.19,8.66,8.18,0.0,18.0,39.5,Specialist,1.37,0
BE Hendricks,0.0,0.0,0.0,0.0,0.0,0.0,6.0,0.0,1.0,8.14,0.0,9.38,0.0,7.0,24.0,Specialist,0.98,0
BW Hilfenhaus,0.0,0.0,0.0,0.0,0.0,0.0,7.0,0.0,12.0,10.46,0.0,5.52,0.0,19.0,60.5,Specialist,1.9,0
Basil Thampi,0.0,0.0,0.0,0.0,0.0,0.0,13.0,7.0,2.0,10.73,8.06,8.91,0.0,22.0,51.5,Specialist,1.67,0
Brijesh Sharma,0.0,0.0,0.0,0.0,0.0,0.0,8.0,5.0,1.0,8.91,7.72,9.42,0.0,14.0,31.0,Specialist,1.16,0
C Nanda,0.0,0.0,0.0,0.0,0.0,0.0,0.0,2.0,0.0,0.0,6.7,0.0,0.0,2.0,5.0,Specialist,0.5,0
C Sakariya,0.0,0.0,0.0,0.0,0.0,0.0,8.0,6.0,6.0,8.9,8.02,6.26,0.0,20.0,46.0,Specialist,1.54,0
CK Langeveldt,0.0,0.0,0.0,0.0,0.0,0.0,4.0,0.0,6.0,7.47,0.0,6.0,0.0,10.0,32.0,Specialist,1.18,0
CRD Fernando,0.0,0.0,0.0,0.0,0.0,0.0,5.0,5.0,7.0,8.13,5.77,6.07,0.0,17.0,38.5,Specialist,1.35,0
D Kalyankrishna,0.0,0.0,0.0,0.0,0.0,0.0,0.0,2.0,0.0,0.0,9.27,0.0,0.0,2.0,5.0,Specialist,0.5,0
D Pretorius,0.0,0.0,0.0,0.0,0.0,0.0,2.0,4.0,0.0,10.15,6.0,0.0,0.0,6.0,7.0,Specialist,0.55,0
D Salunkhe,0.0,0.0,0.0,0.0,0.0,0.0,0.0,1.0,0.0,0.0,8.4,0.0,0.0,1.0,5.0,Specialist,0.5,0
DE Bollinger,0.0,0.0,0.0,0.0,0.0,0.0,23.0,0.0,11.0,7.04,0.0,6.46,0.0,34.0,113.5,Bowler,3.24,0
DG Nalkande,0.0,0.0,0.0,0.0,0.0,0.0,0.0,5.0,0.0,0.0,10.07,0.0,0.0,5.0,5.0,Specialist,0.5,0
DJ Muthuswami,0.0,0.0,0.0,0.0,0.0,0.0,0.0,0.0,3.0,0.0,0.0,7.67,0.0,3.0,9.0,Specialist,0.6,0
DJ Thornely,0.0,0.0,0.0,0.0,0.0,0.0,0.0,3.0,0.0,0.0,5.18,0.0,0.0,3.0,5.0,Specialist,0.5,0
DJ Willey,0.0,0.0,0.0,0.0,0.0,0.0,1.0,2.0,3.0,8.85,8.14,6.52,0.0,6.0,12.5,Specialist,0.69,0
DP Nannes,0.0,0.0,0.0,0.0,0.0,0.0,13.0,0.0,15.0,8.09,6.64,5.32,0.0,28.0,90.5,Bowler,2.66,0
DP Vijaykumar,0.0,0.0,0.0,0.0,0.0,0.0,0.0,0.0,3.0,0.0,0.0,7.04,0.0,3.0,9.0,Specialist,0.6,0
DR Sams,0.0,0.0,0.0,0.0,0.0,0.0,1.0,5.0,8.0,12.6,6.85,6.16,0.0,14.0,27.5,Specialist,1.07,0
DS Rathi,0.0,0.0,0.0,0.0,0.0,0.0,5.0,10.0,4.0,9.4,8.45,8.56,0.0,19.0,29.5,Specialist,1.12,0
E Malinga,0.0,0.0,0.0,0.0,0.0,0.0,15.0,13.0,5.0,9.22,7.11,8.92,0.0,33.0,67.5,Bowler,2.08,0
FA Allen,0.0,0.0,0.0,0.0,0.0,0.0,0.0,1.0,0.0,0.0,8.67,0.0,0.0,1.0,5.0,Specialist,0.5,0
FH Edwards,0.0,0.0,0.0,0.0,0.0,0.0,2.0,0.0,3.0,8.14,0.0,3.95,0.0,5.0,16.0,Specialist,0.78,0
Fazalhaq Farooqi,0.0,0.0,0.0,0.0,0.0,0.0,1.0,2.0,3.0,13.96,9.0,8.26,0.0,6.0,12.5,Specialist,0.69,0
G Coetzee,0.0,0.0,0.0,0.0,0.0,0.0,7.0,5.0,3.0,9.34,9.13,8.88,0.0,15.0,33.5,Specialist,1.22,0
GB Hogg,0.0,0.0,0.0,0.0,0.0,0.0,7.0,12.0,4.0,7.61,7.09,6.24,0.0,23.0,36.5,Specialist,1.3,0
GC Viljoen,0.0,0.0,0.0,0.0,0.0,0.0,2.0,3.0,0.0,11.73,6.38,0.0,0.0,5.0,7.0,Specialist,0.55,0
GD McGrath,0.0,0.0,0.0,0.0,0.0,0.0,3.0,0.0,8.0,8.89,0.0,5.5,0.0,11.0,34.5,Specialist,1.25,0
GHS Garton,0.0,0.0,0.0,0.0,0.0,0.0,0.0,0.0,1.0,0.0,0.0,9.18,0.0,1.0,5.0,Specialist,0.5,0
Gagandeep Singh,0.0,0.0,0.0,0.0,0.0,0.0,0.0,2.0,0.0,0.0,7.78,0.0,0.0,2.0,5.0,Specialist,0.5,0
Gurjapneet Singh,0.0,0.0,0.0,0.0,0.0,0.0,2.0,2.0,0.0,9.0,8.2,0.0,0.0,4.0,7.0,Specialist,0.55,0
HF Gurney,0.0,0.0,0.0,0.0,0.0,0.0,4.0,1.0,2.0,11.57,8.51,5.31,0.0,7.0,20.0,Specialist,0.88,0
Harmeet Singh,0.0,0.0,0.0,0.0,0.0,0.0,10.0,10.0,6.0,7.47,7.09,7.6,0.0,26.0,53.0,Bowler,1.71,0
Harsh Dubey,0.0,0.0,0.0,0.0,0.0,0.0,0.0,7.0,1.0,0.0,9.63,9.86,0.0,8.0,5.0,Specialist,0.5,0
Harshit Rana,0.0,0.0,0.0,0.0,0.0,0.0,14.0,10.0,16.0,8.86,8.78,8.84,0.0,40.0,97.0,Bowler,2.82,0
I Udana,0.0,0.0,0.0,0.0,0.0,0.0,3.0,3.0,2.0,8.48,8.23,10.53,0.0,8.0,16.5,Specialist,0.79,0
IC Pandey,0.0,0.0,0.0,0.0,0.0,0.0,0.0,5.0,11.0,0.0,8.22,6.67,0.0,16.0,33.0,Specialist,1.21,0
IS Sodhi,0.0,0.0,0.0,0.0,0.0,0.0,0.0,7.0,0.0,0.0,6.48,0.0,0.0,7.0,5.0,Specialist,0.5,0
Imran Tahir,0.0,0.0,0.0,0.0,0.0,0.0,25.0,54.0,3.0,8.72,6.93,9.05,0.0,82.0,96.5,Bowler,2.81,0
J Little,0.0,0.0,0.0,0.0,0.0,0.0,0.0,8.0,3.0,9.05,7.64,8.92,0.0,11.0,9.0,Specialist,0.6,0
J Suchith,0.0,0.0,0.0,0.0,0.0,0.0,0.0,15.0,3.0,0.0,7.92,8.0,0.0,18.0,9.0,Specialist,0.6,0
J Syed Mohammad,0.0,0.0,0.0,0.0,0.0,0.0,0.0,6.0,0.0,0.0,8.7,0.0,0.0,6.0,5.0,Specialist,0.5,0
J Theron,0.0,0.0,0.0,0.0,0.0,0.0,5.0,3.0,3.0,7.85,5.29,8.35,0.0,11.0,26.5,Specialist,1.04,0
J Yadav,0.0,0.0,0.0,0.0,0.0,0.0,0.0,4.0,3.0,0.0,6.0,7.35,0.0,7.0,9.0,Specialist,0.6,0
JA Duffy,0.0,0.0,0.0,0.0,0.0,0.0,0.0,3.0,6.0,0.0,7.29,10.86,0.0,9.0,18.0,Specialist,0.83,0
JA Richardson,0.0,0.0,0.0,0.0,0.0,0.0,0.0,2.0,0.0,0.0,9.49,0.0,0.0,2.0,5.0,Specialist,0.5,0
JE Taylor,0.0,0.0,0.0,0.0,0.0,0.0,6.0,0.0,0.0,9.62,0.0,5.65,0.0,6.0,21.0,Specialist,0.9,0
JL Pattinson,0.0,0.0,0.0,0.0,0.0,0.0,4.0,3.0,4.0,8.85,8.64,8.07,0.0,11.0,26.0,Specialist,1.03,0
JM Kemp,0.0,0.0,0.0,0.0,0.0,0.0,0.0,3.0,0.0,0.0,6.52,0.0,0.0,3.0,5.0,Specialist,0.5,0
JP Behrendorff,0.0,0.0,0.0,0.0,0.0,0.0,5.0,3.0,11.0,11.06,8.06,7.91,0.0,19.0,50.5,Specialist,1.65,0
JR Hazlewood,0.0,0.0,0.0,0.0,0.0,0.0,27.0,14.0,31.0,9.3,7.45,7.79,0.0,72.0,187.5,Bowler,5.11,0
Jaskaran Singh,0.0,0.0,0.0,0.0,0.0,0.0,0.0,0.0,2.0,0.0,0.0,6.13,0.0,2.0,6.0,Specialist,0.53,0
Joginder Sharma,0.0,0.0,0.0,0.0,0.0,0.0,2.0,10.0,0.0,11.13,8.13,0.0,0.0,12.0,7.0,Specialist,0.55,0
K Kartikeya,0.0,0.0,0.0,0.0,0.0,0.0,0.0,11.0,0.0,0.0,7.77,0.0,0.0,11.0,5.0,Specialist,0.5,0
K Khejroliya,0.0,0.0,0.0,0.0,0.0,0.0,0.0,3.0,0.0,0.0,8.42,0.0,0.0,3.0,5.0,Specialist,0.5,0
KA Jamieson,0.0,0.0,0.0,0.0,0.0,0.0,3.0,5.0,8.0,11.73,8.0,8.91,0.0,16.0,34.5,Specialist,1.25,0
KC Cariappa,0.0,0.0,0.0,0.0,0.0,0.0,0.0,6.0,0.0,0.0,9.07,0.0,0.0,6.0,5.0,Specialist,0.5,0
KJ Abbott,0.0,0.0,0.0,0.0,0.0,0.0,0.0,0.0,0.0,0.0,0.0,9.55,0.0,0.0,5.0,Specialist,0.5,0
KK Ahmed,0.0,0.0,0.0,0.0,0.0,0.0,37.0,16.0,38.0,9.59,7.88,7.71,0.0,91.0,243.5,Bowler,6.52,0
KL Nagarkoti,0.0,0.0,0.0,0.0,0.0,0.0,0.0,4.0,0.0,0.0,8.73,0.0,0.0,4.0,5.0,Specialist,0.5,0
KM Asif,0.0,0.0,0.0,0.0,0.0,0.0,0.0,4.0,3.0,0.0,7.52,9.07,0.0,7.0,9.0,Specialist,0.6,0
KMA Paul,0.0,0.0,0.0,0.0,0.0,0.0,4.0,5.0,0.0,8.0,6.5,0.0,0.0,9.0,14.0,Specialist,0.73,0
KMDN Kulasekara,0.0,0.0,0.0,0.0,0.0,0.0,0.0,0.0,3.0,0.0,0.0,6.51,0.0,3.0,9.0,Specialist,0.6,0
KP Appanna,0.0,0.0,0.0,0.0,0.0,0.0,0.0,9.0,0.0,0.0,7.27,0.0,0.0,9.0,5.0,Specialist,0.5,0
KR Sen,0.0,0.0,0.0,0.0,0.0,0.0,4.0,8.0,2.0,12.18,7.44,8.05,0.0,14.0,20.0,Specialist,0.88,0
KT Maphaka,0.0,0.0,0.0,0.0,0.0,0.0,0.0,0.0,2.0,0.0,0.0,10.74,0.0,2.0,6.0,Specialist,0.53,0
KW Richardson,0.0,0.0,0.0,0.0,0.0,0.0,9.0,1.0,9.0,10.28,8.04,6.41,0.0,19.0,58.5,Specialist,1.85,0
Kamran Khan,0.0,0.0,0.0,0.0,0.0,0.0,0.0,2.0,5.0,0.0,6.24,8.24,0.0,7.0,15.0,Specialist,0.75,0
Karanveer Singh,0.0,0.0,0.0,0.0,0.0,0.0,0.0,8.0,0.0,0.0,8.06,0.0,0.0,8.0,5.0,Specialist,0.5,0
Kartik Tyagi,0.0,0.0,0.0,0.0,0.0,0.0,16.0,8.0,9.0,9.75,7.87,9.52,0.0,33.0,83.0,Bowler,2.47,0
L Ngidi,0.0,0.0,0.0,0.0,0.0,0.0,22.0,7.0,13.0,8.2,7.72,7.55,0.0,42.0,116.0,Bowler,3.3,0
LE Plunkett,0.0,0.0,0.0,0.0,0.0,0.0,2.0,1.0,1.0,8.33,8.26,9.41,0.0,4.0,10.0,Specialist,0.63,0
LJ Wright,0.0,0.0,0.0,0.0,0.0,0.0,0.0,1.0,0.0,0.0,8.22,0.0,0.0,1.0,5.0,Specialist,0.5,0
M Ashwin,0.0,0.0,0.0,0.0,0.0,0.0,7.0,26.0,2.0,8.43,7.26,8.49,0.0,35.0,30.5,Bowler,1.14,0
M Muralitharan,0.0,0.0,0.0,0.0,0.0,0.0,22.0,39.0,3.0,7.58,5.93,5.96,0.0,64.0,86.0,Bowler,2.55,0
M Ntini,0.0,0.0,0.0,0.0,0.0,0.0,0.0,0.0,5.0,0.0,0.0,6.3,0.0,5.0,15.0,Specialist,0.75,0
M Pathirana,0.0,0.0,0.0,0.0,0.0,0.0,33.0,14.0,0.0,7.55,6.16,0.0,0.0,47.0,115.5,Bowler,3.29,0
M Prasidh Krishna,0.0,0.0,0.0,0.0,0.0,0.0,42.0,31.0,18.0,9.33,7.66,7.48,0.0,91.0,201.0,Bowler,5.45,0
M Siddharth,0.0,0.0,0.0,0.0,0.0,0.0,0.0,4.0,2.0,0.0,9.43,6.86,0.0,6.0,6.0,Specialist,0.53,0
M Theekshana,0.0,0.0,0.0,0.0,0.0,0.0,12.0,14.0,10.0,7.92,7.47,8.17,0.0,36.0,72.0,Bowler,2.19,0
M Tiwari,0.0,0.0,0.0,0.0,0.0,0.0,0.0,2.0,0.0,0.0,6.87,0.0,0.0,2.0,5.0,Specialist,0.5,0
M de Lange,0.0,0.0,0.0,0.0,0.0,0.0,0.0,0.0,2.0,0.0,0.0,6.65,0.0,2.0,6.0,Specialist,0.53,0
MA Wood,0.0,0.0,0.0,0.0,0.0,0.0,7.0,2.0,0.0,10.88,4.57,0.0,0.0,9.0,24.5,Specialist,0.99,0
MG Bracewell,0.0,0.0,0.0,0.0,0.0,0.0,0.0,3.0,0.0,0.0,9.11,0.0,0.0,3.0,5.0,Specialist,0.5,0
MJ Henry,0.0,0.0,0.0,0.0,0.0,0.0,0.0,0.0,2.0,0.0,0.0,10.64,0.0,2.0,6.0,Specialist,0.53,0
MM Patel,0.0,0.0,0.0,0.0,0.0,0.0,23.0,22.0,29.0,10.11,5.95,6.68,0.0,74.0,167.5,Bowler,4.6,0
MP Yadav,0.0,0.0,0.0,0.0,0.0,0.0,0.0,4.0,2.0,0.0,9.33,9.64,0.0,6.0,6.0,Specialist,0.53,0
Mayank Dagar,0.0,0.0,0.0,0.0,0.0,0.0,0.0,2.0,0.0,0.0,8.09,0.0,0.0,2.0,5.0,Specialist,0.5,0
Mohammad Asif,0.0,0.0,0.0,0.0,0.0,0.0,4.0,1.0,3.0,9.33,7.14,9.0,0.0,8.0,23.0,Specialist,0.95,0
Mohammad Hafeez,0.0,0.0,0.0,0.0,0.0,0.0,0.0,2.0,0.0,0.0,5.81,0.0,0.0,2.0,5.0,Specialist,0.5,0
Mohsin Khan,0.0,0.0,0.0,0.0,0.0,0.0,12.0,11.0,15.0,9.28,7.3,7.41,0.0,38.0,87.0,Bowler,2.57,0
Mujeeb Ur Rahman,0.0,0.0,0.0,0.0,0.0,0.0,5.0,10.0,5.0,10.68,7.18,6.61,0.0,20.0,32.5,Specialist,1.19,0
Mukesh Choudhary,0.0,0.0,0.0,0.0,0.0,0.0,4.0,4.0,17.0,10.67,7.87,8.37,0.0,25.0,65.0,Bowler,2.02,0
Mukesh Kumar,0.0,0.0,0.0,0.0,0.0,0.0,19.0,12.0,11.0,11.19,8.42,8.83,0.0,42.0,99.5,Bowler,2.89,0
Mustafizur Rahman,0.0,0.0,0.0,0.0,0.0,0.0,35.0,16.0,14.0,8.34,7.35,6.74,0.0,65.0,164.5,Bowler,4.53,0
N Burger,0.0,0.0,0.0,0.0,0.0,0.0,6.0,4.0,11.0,6.7,9.77,8.63,0.0,21.0,54.0,Specialist,1.74,0
N Thushara,0.0,0.0,0.0,0.0,0.0,0.0,2.0,0.0,7.0,7.95,0.0,7.73,0.0,9.0,28.0,Specialist,1.08,0
NA Saini,0.0,0.0,0.0,0.0,0.0,0.0,10.0,1.0,7.0,8.97,7.26,7.39,0.0,18.0,56.0,Specialist,1.79,0
NT Ellis,0.0,0.0,0.0,0.0,0.0,0.0,9.0,6.0,4.0,10.18,7.16,6.93,0.0,19.0,43.5,Specialist,1.47,0
Navdeep Saini,0.0,0.0,0.0,0.0,0.0,0.0,0.0,3.0,0.0,0.0,10.35,0.0,0.0,3.0,5.0,Specialist,0.5,0
Naveen-ul-Haq,0.0,0.0,0.0,0.0,0.0,0.0,12.0,8.0,5.0,8.31,6.75,9.56,0.0,25.0,57.0,Bowler,1.81,0
OC McCoy,0.0,0.0,0.0,0.0,0.0,0.0,8.0,3.0,0.0,7.69,7.79,0.0,0.0,11.0,28.0,Specialist,1.08,0
P Amarnath,0.0,0.0,0.0,0.0,0.0,0.0,0.0,6.0,0.0,0.0,10.28,0.0,0.0,6.0,5.0,Specialist,0.5,0
P Awana,0.0,0.0,0.0,0.0,0.0,0.0,14.0,12.0,13.0,9.67,6.74,7.63,0.0,39.0,88.0,Bowler,2.6,0
P Dubey,0.0,0.0,0.0,0.0,0.0,0.0,0.0,2.0,0.0,0.0,8.14,0.0,0.0,2.0,5.0,Specialist,0.5,0
P Parameswaran,0.0,0.0,0.0,0.0,0.0,0.0,5.0,2.0,0.0,8.78,7.04,0.0,0.0,7.0,17.5,Specialist,0.82,0
P Sahu,0.0,0.0,0.0,0.0,0.0,0.0,0.0,3.0,0.0,0.0,7.68,0.0,0.0,3.0,5.0,Specialist,0.5,0
P Suyal,0.0,0.0,0.0,0.0,0.0,0.0,0.0,0.0,1.0,0.0,0.0,7.94,0.0,1.0,5.0,Specialist,0.5,0
PHKD Mendis,0.0,0.0,0.0,0.0,0.0,0.0,0.0,2.0,0.0,0.0,8.57,0.0,0.0,2.0,5.0,Specialist,0.5,0
PJ Sangwan,0.0,0.0,0.0,0.0,0.0,0.0,6.0,19.0,13.0,9.32,7.53,7.6,0.0,38.0,60.0,Bowler,1.89,0
PP Hinge,0.0,0.0,0.0,0.0,0.0,0.0,5.0,3.0,6.0,9.41,12.0,10.46,0.0,14.0,35.5,Specialist,1.27,0
PV Tambe,0.0,0.0,0.0,0.0,0.0,0.0,5.0,20.0,3.0,10.78,6.78,8.25,0.0,28.0,26.5,Bowler,1.04,0
Pankaj Singh,0.0,0.0,0.0,0.0,0.0,0.0,1.0,2.0,8.0,12.59,9.03,7.28,0.0,11.0,27.5,Specialist,1.07,0
Parvez Rasool,0.0,0.0,0.0,0.0,0.0,0.0,0.0,3.0,1.0,0.0,7.52,9.09,0.0,4.0,5.0,Specialist,0.5,0
Prince Yadav,0.0,0.0,0.0,0.0,0.0,0.0,4.0,9.0,6.0,10.18,7.32,7.92,0.0,19.0,32.0,Specialist,1.18,0
R Rampaul,0.0,0.0,0.0,0.0,0.0,0.0,4.0,3.0,9.0,10.69,4.63,5.67,0.0,16.0,41.0,Specialist,1.41,0
R Sai Kishore,0.0,0.0,0.0,0.0,0.0,0.0,9.0,23.0,0.0,10.0,8.19,0.0,0.0,32.0,31.5,Bowler,1.17,0
R Shukla,0.0,0.0,0.0,0.0,0.0,0.0,0.0,1.0,4.0,0.0,8.85,7.96,0.0,5.0,12.0,Specialist,0.68,0
RJW Topley,0.0,0.0,0.0,0.0,0.0,0.0,0.0,0.0,2.0,0.0,0.0,8.85,0.0,2.0,6.0,Specialist,0.53,0
RP Meredith,0.0,0.0,0.0,0.0,0.0,0.0,12.0,5.0,2.0,9.46,7.57,7.74,0.0,19.0,48.0,Specialist,1.59,0
RR Raje,0.0,0.0,0.0,0.0,0.0,0.0,0.0,5.0,0.0,0.0,7.82,0.0,0.0,5.0,5.0,Specialist,0.5,0
Raghu Sharma,0.0,0.0,0.0,0.0,0.0,0.0,0.0,1.0,0.0,0.0,8.29,0.0,0.0,1.0,5.0,Specialist,0.5,0
Rasikh Salam,0.0,0.0,0.0,0.0,0.0,0.0,13.0,11.0,5.0,9.23,9.26,8.81,0.0,29.0,60.5,Bowler,1.9,0
S Badree,0.0,0.0,0.0,0.0,0.0,0.0,0.0,4.0,7.0,0.0,7.42,6.94,0.0,11.0,21.0,Specialist,0.9,0
S Kaul,0.0,0.0,0.0,0.0,0.0,0.0,30.0,16.0,12.0,8.44,7.79,8.68,0.0,58.0,141.0,Bowler,3.93,0
S Kaushik,0.0,0.0,0.0,0.0,0.0,0.0,0.0,6.0,0.0,0.0,7.11,0.0,0.0,6.0,5.0,Specialist,0.5,0
S Ladda,0.0,0.0,0.0,0.0,0.0,0.0,0.0,1.0,0.0,0.0,8.41,0.0,0.0,1.0,5.0,Specialist,0.5,0
S Lamichhane,0.0,0.0,0.0,0.0,0.0,0.0,0.0,7.0,5.0,0.0,7.78,8.33,0.0,12.0,15.0,Specialist,0.75,0
S Narwal,0.0,0.0,0.0,0.0,0.0,0.0,0.0,0.0,3.0,0.0,0.0,8.87,0.0,3.0,9.0,Specialist,0.6,0
S Randiv,0.0,0.0,0.0,0.0,0.0,0.0,0.0,3.0,0.0,0.0,6.93,0.0,0.0,3.0,5.0,Specialist,0.5,0
S Sandeep Warrier,0.0,0.0,0.0,0.0,0.0,0.0,0.0,0.0,8.0,0.0,0.0,8.42,0.0,8.0,24.0,Specialist,0.98,0
S Tyagi,0.0,0.0,0.0,0.0,0.0,0.0,0.0,0.0,5.0,0.0,0.0,7.55,0.0,5.0,15.0,Specialist,0.75,0
SB Bangar,0.0,0.0,0.0,0.0,0.0,0.0,0.0,2.0,0.0,0.0,7.78,0.0,0.0,2.0,5.0,Specialist,0.5,0
SB Jakati,0.0,0.0,0.0,0.0,0.0,0.0,10.0,37.0,0.0,9.34,7.43,8.47,0.0,47.0,35.0,Bowler,1.26,0
SB Joshi,0.0,0.0,0.0,0.0,0.0,0.0,0.0,0.0,0.0,0.0,8.62,0.0,0.0,0.0,5.0,Specialist,0.5,0
SB Wagh,0.0,0.0,0.0,0.0,0.0,0.0,0.0,0.0,4.0,0.0,0.0,7.04,0.0,4.0,12.0,Specialist,0.68,0
SE Bond,0.0,0.0,0.0,0.0,0.0,0.0,2.0,3.0,4.0,9.0,5.86,6.0,0.0,9.0,19.0,Specialist,0.85,0
SH Johnson,0.0,0.0,0.0,0.0,0.0,0.0,3.0,3.0,1.0,8.14,10.29,9.48,0.0,7.0,13.5,Specialist,0.71,0
SJ Srivastava,0.0,0.0,0.0,0.0,0.0,0.0,5.0,4.0,5.0,8.2,7.85,8.07,0.0,14.0,32.5,Specialist,1.19,0
SMSM Senanayake,0.0,0.0,0.0,0.0,0.0,0.0,0.0,3.0,4.0,0.0,9.43,4.98,0.0,7.0,12.0,Specialist,0.68,0
SR Dubey,0.0,0.0,0.0,0.0,0.0,0.0,0.0,0.0,3.0,0.0,0.0,5.19,0.0,3.0,9.0,Specialist,0.6,0
SS Cottrell,0.0,0.0,0.0,0.0,0.0,0.0,0.0,0.0,4.0,0.0,0.0,6.26,0.0,4.0,12.0,Specialist,0.68,0
SW Tait,0.0,0.0,0.0,0.0,0.0,0.0,13.0,3.0,7.0,6.98,6.71,5.64,0.0,23.0,66.5,Specialist,2.05,0
Sakib Hussain,0.0,0.0,0.0,0.0,0.0,0.0,7.0,5.0,3.0,7.53,8.25,8.65,0.0,15.0,33.5,Specialist,1.22,0
Shahid Afridi,0.0,0.0,0.0,0.0,0.0,0.0,0.0,6.0,0.0,0.0,6.78,0.0,0.0,6.0,5.0,Specialist,0.5,0
Shivam Sharma,0.0,0.0,0.0,0.0,0.0,0.0,0.0,4.0,0.0,0.0,8.47,0.0,0.0,4.0,5.0,Specialist,0.5,0
Shivang Kumar,0.0,0.0,0.0,0.0,0.0,0.0,0.0,7.0,0.0,0.0,8.88,0.0,0.0,7.0,5.0,Specialist,0.5,0
Shoaib Ahmed,0.0,0.0,0.0,0.0,0.0,0.0,0.0,4.0,0.0,0.0,6.45,0.0,0.0,4.0,5.0,Specialist,0.5,0
Shoaib Akhtar,0.0,0.0,0.0,0.0,0.0,0.0,0.0,0.0,5.0,0.0,0.0,6.52,0.0,5.0,15.0,Specialist,0.75,0
Shoaib Malik,0.0,0.0,0.0,0.0,0.0,0.0,0.0,1.0,0.0,0.0,7.57,0.0,0.0,1.0,5.0,Specialist,0.5,0
Simarjeet Singh,0.0,0.0,0.0,0.0,0.0,0.0,1.0,5.0,5.0,9.0,8.75,8.98,0.0,11.0,18.5,Specialist,0.84,0
Sohail Tanvir,0.0,0.0,0.0,0.0,0.0,0.0,16.0,0.0,6.0,6.34,0.0,5.14,0.0,22.0,74.0,Specialist,2.24,0
Suyash Sharma,0.0,0.0,0.0,0.0,0.0,0.0,4.0,20.0,0.0,8.76,8.52,0.0,0.0,24.0,14.0,Specialist,0.73,0
Swapnil Singh,0.0,0.0,0.0,0.0,0.0,0.0,0.0,2.0,5.0,0.0,8.7,8.51,0.0,7.0,15.0,Specialist,0.75,0
T Natarajan,0.0,0.0,0.0,0.0,0.0,0.0,47.0,11.0,15.0,9.35,7.79,7.86,0.0,73.0,209.5,Bowler,5.66,0
T Shamsi,0.0,0.0,0.0,0.0,0.0,0.0,0.0,2.0,0.0,0.0,8.18,0.0,0.0,2.0,5.0,Specialist,0.5,0
T Thushara,0.0,0.0,0.0,0.0,0.0,0.0,4.0,0.0,3.0,9.62,0.0,5.14,0.0,7.0,23.0,Specialist,0.95,0
TS Mills,0.0,0.0,0.0,0.0,0.0,0.0,4.0,1.0,6.0,9.49,10.68,7.08,0.0,11.0,32.0,Specialist,1.18,0
TU Deshpande,0.0,0.0,0.0,0.0,0.0,0.0,29.0,9.0,17.0,9.64,8.94,8.27,0.0,55.0,152.5,Bowler,4.23,0
Umar Gul,0.0,0.0,0.0,0.0,0.0,0.0,4.0,4.0,4.0,8.83,5.79,4.57,0.0,12.0,26.0,Specialist,1.03,0
Umran Malik,0.0,0.0,0.0,0.0,0.0,0.0,6.0,23.0,0.0,9.92,7.56,0.0,0.0,29.0,21.0,Bowler,0.9,0
V Pratap Singh,0.0,0.0,0.0,0.0,0.0,0.0,5.0,2.0,3.0,9.77,7.68,7.92,0.0,10.0,26.5,Specialist,1.04,0
V Puthur,0.0,0.0,0.0,0.0,0.0,0.0,0.0,6.0,0.0,0.0,8.5,0.0,0.0,6.0,5.0,Specialist,0.5,0
V Viyaskanth,0.0,0.0,0.0,0.0,0.0,0.0,0.0,1.0,0.0,0.0,8.6,0.0,0.0,1.0,5.0,Specialist,0.5,0
VG Arora,0.0,0.0,0.0,0.0,0.0,0.0,19.0,6.0,22.0,8.84,10.07,8.26,0.0,47.0,132.5,Bowler,3.72,0
VRV Singh,0.0,0.0,0.0,0.0,0.0,0.0,7.0,4.0,1.0,8.38,8.21,9.7,0.0,12.0,27.5,Specialist,1.07,0
VS Malik,0.0,0.0,0.0,0.0,0.0,0.0,0.0,2.0,4.0,0.0,7.28,6.97,0.0,6.0,12.0,Specialist,0.68,0
VY Mahesh,0.0,0.0,0.0,0.0,0.0,0.0,10.0,7.0,4.0,7.41,7.18,10.54,0.0,21.0,47.0,Specialist,1.56,0
Vijaykumar Vyshak,0.0,0.0,0.0,0.0,0.0,0.0,11.0,13.0,2.0,10.88,8.62,10.88,0.0,26.0,44.5,Bowler,1.5,0
XC Bartlett,0.0,0.0,0.0,0.0,0.0,0.0,2.0,0.0,5.0,9.55,11.67,10.62,0.0,7.0,22.0,Specialist,0.93,0
YA Abdulla,0.0,0.0,0.0,0.0,0.0,0.0,6.0,2.0,7.0,10.22,7.57,6.61,0.0,15.0,42.0,Specialist,1.43,0
Yash Dayal,0.0,0.0,0.0,0.0,0.0,0.0,16.0,9.0,16.0,9.21,7.79,8.83,0.0,41.0,104.0,Bowler,3.0,0
Yash Raj Punja,0.0,0.0,0.0,0.0,0.0,0.0,0.0,8.0,0.0,0.0,8.96,0.0,0.0,8.0,5.0,Specialist,0.5,0
Yash Thakur,0.0,0.0,0.0,0.0,0.0,0.0,14.0,5.0,8.0,10.24,8.42,9.48,0.0,27.0,73.0,Bowler,2.22,0
Yudhvir Singh,0.0,0.0,0.0,0.0,0.0,0.0,0.0,0.0,6.0,0.0,0.0,9.27,0.0,6.0,18.0,Specialist,0.83,0
Zeeshan Ansari,0.0,0.0,0.0,0.0,0.0,0.0,0.0,6.0,0.0,0.0,9.1,0.0,0.0,6.0,5.0,Specialist,0.5,0
